,State Name,District,Rural/Urban_rur,Households_Rural,Households_Rural_Livable,Households_Rural_Dilapidated,Households_Rural_Toilet_Premise,Rural/Urban_urb,Households_Urban,Households_Urban_Livable,Households_Urban_Dilapidated,Households_Urban_Toilet_Premise
0,Jammu & Kashmir,Kupwara,Rural,158438.0,92052.478,13150.354000000001,77476.182,Urban,23226.0,11496.869999999999,1114.848,16304.652
1,Jammu & Kashmir,Badgam,Rural,160649.0,74380.487,6265.311,133820.617,Urban,27189.999999999996,9190.22,706.9399999999999,24579.76
2,Laddakh,Leh(Ladakh),Rural,36920.0,19013.8,775.32,32526.519999999997,Urban,17474.0,9540.804,192.21400000000003,16740.092
3,Laddakh,Kargil,Rural,40370.0,29591.21,1412.95,39078.159999999996,Urban,7773.999999999999,5348.512,93.288,7579.65
4,Jammu & Kashmir,Punch,Rural,132139.0,78622.705,3171.3360000000002,18103.043,Urban,15269.0,4168.437,122.152,11497.556999999999
5,Jammu & Kashmir,Rajouri,Rural,196070.0,103721.03,5293.89,19999.14,Urban,17508.0,3256.4880000000003,297.636,14969.340000000002
6,Jammu & Kashmir,Kathua,Rural,181374.0,66564.258,6348.09,25755.108,Urban,33473.0,9037.710000000001,1037.663,22460.382999999998
7,Jammu & Kashmir,Baramula,Rural,210542.99999999997,97060.32299999999,11158.778999999999,156433.449,Urban,48932.0,16636.88,2446.6,45262.1
8,Jammu & Kashmir,Bandipore,Rural,80521.0,43239.777,5958.554000000001,56445.221,Urban,17555.0,5442.05,754.865,16554.365
9,Jammu & Kashmir,Srinagar,Rural,4518.0,1734.912,284.634,4007.466,Urban,257721.0,59791.272,5669.862000000001,252824.30099999998
10,Jammu & Kashmir,Ganderbal,Rural,63788.0,30235.512,6059.86,44332.659999999996,Urban,13558.000000000002,2982.76,610.11,12378.454000000002
11,Jammu & Kashmir,Pulwama,Rural,147520.0,63433.6,6785.92,92495.04000000001,Urban,21703.0,9202.072,651.09,19771.432999999997
12,Jammu & Kashmir,Shupiyan,Rural,75616.0,25104.512000000002,4461.344,44613.439999999995,Urban,5272.0,1813.568,173.976,4997.856
13,Jammu & Kashmir,Anantnag,Rural,207067.0,89660.011,10560.417,105190.036,Urban,70666.0,20139.809999999998,2190.646,53352.829999999994
14,Jammu & Kashmir,Kulgam,Rural,95952.0,47016.479999999996,4509.744,40011.984000000004,Urban,25178.0,10574.76,1057.476,14729.13
15,Jammu & Kashmir,Doda,Rural,122267.0,73360.20000000001,1956.2720000000002,29344.08,Urban,11350.0,2689.95,329.15,10600.900000000001
16,Jammu & Kashmir,Ramban,Rural,84281.0,43404.715,1769.901,15002.018,Urban,5341.0,1030.8129999999999,128.184,4417.007
17,Jammu & Kashmir,Kishtwar,Rural,72378.0,37636.56,2460.852,14475.599999999999,Urban,5993.0,809.055,41.951,5597.462
18,Jammu & Kashmir,Udhampur,Rural,148664.0,66452.808,2973.28,11001.136,Urban,34696.0,5898.32,624.528,26056.695999999996
19,Jammu & Kashmir,Reasi,Rural,95572.0,52469.028,1433.58,8601.48,Urban,12261.0,4843.095,134.871,9661.668
20,Jammu & Kashmir,Jammu,Rural,254566.0,97753.344,12473.734,62623.236,Urban,248042.99999999997,56057.718,8433.462,210588.507
21,Jammu & Kashmir,Samba,Rural,94247.0,28745.335,3110.151,24504.22,Urban,19989.0,3558.042,219.879,14132.223
22,Himachal Pradesh,Chamba,Rural,186395.0,70830.1,4287.085,90960.76,Urban,13836.000000000002,2573.4960000000005,96.852,12037.320000000002
23,Himachal Pradesh,Kangra,Rural,588321.0,148845.21300000002,8236.493999999999,378878.72400000005,Urban,39007.0,7411.33,624.1120000000001,32102.761
24,Himachal Pradesh,Kullu,Rural,167995.0,46198.625,2015.94,91053.29000000001,Urban,20709.0,3189.186,269.21700000000004,18762.354
25,Himachal Pradesh,Mandi,Rural,431129.0,120716.12,6898.064,353525.77999999997,Urban,31695.999999999996,5483.407999999999,221.87199999999999,29160.32
26,Himachal Pradesh,Hamirpur,Rural,196116.0,42361.056000000004,1961.16,174739.356,Urban,15232.0,2619.904,91.392,14059.135999999999
27,Himachal Pradesh,Una,Rural,185091.0,46828.023,2591.274,108833.508,Urban,20126.0,4910.744,966.0479999999999,15013.995999999997
28,Himachal Pradesh,Bilaspur,Rural,152458.0,41011.202,1981.954,104891.10399999999,Urban,11987.0,2025.8029999999999,95.89600000000002,11207.845000000001
29,Himachal Pradesh,Solan,Rural,192787.0,47232.814999999995,3662.9529999999995,133023.03,Urban,51509.0,9632.183,721.126,46255.082
30,Himachal Pradesh,Sirmaur,Rural,171102.0,52870.518,4790.856,97357.038,Urban,21054.0,4147.638,210.54,20232.893999999997
31,Himachal Pradesh,Shimla,Rural,279269.0,68141.636,6423.187,167002.862,Urban,95896.0,17357.176000000003,1246.6480000000001,86977.672
32,Punjab,Gurdaspur,Rural,420860.00000000006,207904.84000000003,37877.4,210850.86000000002,Urban,185488.0,76235.56800000001,9645.376,158777.728
33,Punjab,Kapurthala,Rural,165433.0,68489.26199999999,10091.412999999999,128045.142,Urban,95770.0,30646.4,3926.5699999999997,90119.56999999999
34,Punjab,Jalandhar,Rural,330339.0,154268.313,20481.018,251057.63999999998,Urban,377791.0,143938.371,18133.967999999997,361923.778
35,Punjab,Hoshiarpur,Rural,422672.99999999994,173295.93,27473.744999999995,240923.61,Urban,128592.0,44107.056,6301.008000000001,114318.28800000002
36,Punjab,Shahid Bhagat Singh Nagar,Rural,183168.0,73450.368,9891.072,122356.224,Urban,48383.0,17417.88,3144.895,41173.933
37,Punjab,Fatehgarh Sahib,Rural,117558.99999999999,45965.568999999996,7523.776,96986.17499999999,Urban,57337.0,20239.961,2580.165,53839.44300000001
38,Punjab,Ludhiana,Rural,395032.0,178159.432,28047.272,345653.0,Urban,641789.0,262491.701,31447.661000000004,621893.5410000001
39,Punjab,Moga,Rural,214294.99999999997,96861.34,15857.83,183007.93,Urban,74144.0,25802.112,4967.648,70214.368
40,Punjab,Firozpur,Rural,348522.0,177397.69799999997,37640.376000000004,232115.65199999997,Urban,153868.0,63239.74800000001,10924.628,139558.276
41,Punjab,Muktsar,Rural,149507.0,78939.696,15997.248999999998,108093.56099999999,Urban,74650.0,30083.949999999997,6793.15,67035.7
42,Punjab,Faridkot,Rural,99946.0,48973.54,7695.842000000001,80056.746,Urban,58916.99999999999,23802.467999999997,4772.276999999999,54674.975999999995
43,Punjab,Bathinda,Rural,218159.0,111479.24900000001,16143.766000000001,183908.037,Urban,137563.0,44570.412000000004,7428.402000000001,128071.153
44,Punjab,Mansa,Rural,145603.0,67705.395,10483.416,91584.287,Urban,50786.0,17318.026,2996.3740000000003,43168.1
45,Punjab,Patiala,Rural,299279.0,143653.91999999998,21248.808999999997,231342.667,Urban,218090.0,70224.98000000001,9159.78,211329.21000000002
46,Punjab,Amritsar,Rural,275477.0,152063.304,21487.206,167490.016,Urban,385476.0,163827.30000000002,20815.704,360034.58400000003
47,Punjab,Tarn Taran,Rural,222717.0,124053.369,18040.077,144320.616,Urban,44457.0,19383.252,3156.4469999999997,38988.789
48,Punjab,Rupnagar,Rural,148162.0,52745.672,8889.72,84304.17799999999,Urban,60537.0,16708.212,3026.85,55512.429000000004
49,Punjab,Sahibzada Ajit Singh Nagar,Rural,117293.0,50670.57600000001,8562.389000000001,71196.85100000001,Urban,174042.0,41247.954,6613.596,160814.80800000002
50,Punjab,Sangrur,Rural,292156.0,133515.29200000002,17821.516,229634.61599999998,Urban,156788.0,53935.072,7369.036000000001,144244.96000000002
51,Punjab,Barnala,Rural,102577.0,50980.769,6667.505,82266.754,Urban,54222.0,22231.02,3199.0980000000004,48908.244000000006
52,Chandigarh,Chandigarh,Rural,8911.0,4179.259,249.50799999999998,7841.68,Urban,289456.0,76995.296,10130.96,253563.45599999998
53,Uttarakhand,Uttarkashi,Rural,112148.0,30279.96,3364.44,44298.46,Urban,9061.0,1440.699,72.488,8290.815
54,Uttarakhand,Chamoli,Rural,163434.0,42983.142,4085.85,76813.98,Urban,22906.0,2657.096,206.154,20042.75
55,Uttarakhand,Rudraprayag,Rural,112705.0,22315.59,2141.395,57479.549999999996,Urban,4454.0,432.03799999999995,13.362,4079.8639999999996
56,Uttarakhand,Tehri Garhwal,Rural,227059.0,62668.28400000001,6357.652,113756.55900000001,Urban,27177.0,2880.7619999999997,190.23899999999998,26062.743
57,Uttarakhand,Dehradun,Rural,228244.99999999997,60941.41499999999,8901.554999999998,170270.76999999996,Urban,269393.0,54956.17199999999,6465.432,256462.136
58,Uttarakhand,Garhwal,Rural,279682.0,70200.18200000002,5034.276000000001,135086.406,Urban,36780.0,5296.320000000001,404.58000000000004,34830.66
59,Uttarakhand,Pithoragarh,Rural,183687.0,46656.49799999999,4224.8009999999995,88169.76,Urban,26256.0,2599.344,131.28,25337.04
60,Uttarakhand,Bageshwar,Rural,96031.0,24103.781,2784.899,51376.585,Urban,3879.9999999999995,353.08,34.92,3491.9999999999995
61,Uttarakhand,Almora,Rural,260056.0,62673.496,4420.952,134188.896,Urban,21082.0,3056.89,274.066,19374.358
62,Uttarakhand,Champawat,Rural,85202.0,34336.405999999995,5112.12,34421.608,Urban,12838.999999999998,3607.759,757.501,10258.360999999999
63,Uttarakhand,Nainital,Rural,193086.0,61208.261999999995,9847.385999999999,134001.684,Urban,105577.0,20904.246,3167.31,100086.996
64,Uttarakhand,Udham Singh Nagar,Rural,269406.0,123657.35399999999,18050.202,153292.014,Urban,145253.0,52872.092,5810.12,133632.76
65,Uttarakhand,Hardwar,Rural,301828.0,145782.924,15996.884,151517.65600000002,Urban,186183.0,47104.299,4096.026,172405.45799999998
66,Haryana,Panchkula,Rural,70895.0,24955.040000000005,3473.8550000000005,31193.800000000003,Urban,93656.0,21259.911999999997,4401.832,82042.65599999999
67,Haryana,Ambala,Rural,175365.0,77511.33,7540.695,89611.51500000001,Urban,139891.0,39729.044,4616.403,124922.663
68,Haryana,Yamunanagar,Rural,214464.0,101012.544,13725.696,98653.43999999999,Urban,143259.0,48564.80099999999,5730.36,131655.021
69,Haryana,Kurukshetra,Rural,203553.0,93634.38,8752.778999999999,140655.123,Urban,88268.0,26127.328,3089.3799999999997,81559.632
70,Haryana,Kaithal,Rural,231091.0,112079.135,11092.367999999999,133339.507,Urban,75696.0,27931.824,3103.536,62600.592000000004
71,Haryana,Karnal,Rural,292682.0,139023.95,14341.418000000001,200779.85199999998,Urban,135920.0,39824.560000000005,3533.92,124502.72
72,Haryana,Panipat,Rural,173502.0,82586.952,7287.084,115725.834,Urban,153804.0,59983.56,4460.316,145959.996
73,Haryana,Sonipat,Rural,283858.0,142496.71600000001,13341.326000000001,159528.196,Urban,133576.0,47553.056000000004,4541.584,123157.072
74,Haryana,Jind,Rural,278335.0,142229.185,13916.75,142785.85499999998,Urban,89665.0,30396.434999999998,2510.62,78546.54
75,Haryana,Fatehabad,Rural,203020.0,94201.28,11572.140000000001,148001.58000000002,Urban,55360.0,18711.68,2712.6400000000003,50322.240000000005
76,Haryana,Sirsa,Rural,245476.00000000003,102363.49200000001,14483.084000000003,214791.50000000003,Urban,93316.0,30794.28,3825.9559999999997,89490.04400000001
77,Haryana,Hisar,Rural,302013.0,140436.045,16610.715,188758.125,Urban,154113.0,49624.386000000006,5085.729,137931.135
78,Haryana,Bhiwani,Rural,357047.0,163884.57299999997,18923.490999999998,175667.124,Urban,99235.0,41281.76,4366.34,86135.98
79,Haryana,Rohtak,Rural,175203.0,86375.079,8234.541000000001,102318.552,Urban,131739.0,43869.087,3556.9530000000004,121331.619
80,Haryana,Jhajjar,Rural,211816.0,95529.016,10378.984,123912.35999999999,Urban,78328.0,32036.152,3524.7599999999998,71826.776
81,Haryana,Mahendragarh,Rural,223726.00000000003,94188.64600000001,6935.506000000001,87253.14000000001,Urban,44216.0,16448.352000000003,1238.048,34134.752
82,Haryana,Rewari,Rural,199449.0,83170.23300000001,6581.817,99325.602,Urban,69305.0,21484.55,1663.32,60849.78999999999
83,Haryana,Gurgaon,Rural,141703.0,55689.278999999995,4534.496,92957.16799999999,Urban,381988.0,104664.712,14897.532,350282.99600000004
84,Haryana,Mewat,Rural,187398.0,109440.432,16865.82,33356.844000000005,Urban,36237.0,14929.644000000002,1739.376,22648.125
85,Haryana,Faridabad,Rural,87700.0,37886.4,3771.1,51392.200000000004,Urban,382981.0,149745.571,9191.544,341619.052
86,Haryana,Palwal,Rural,186069.0,95081.259,11722.347,59728.149000000005,Urban,63090.0,22838.58,2271.24,52238.52
87,Nct Of Delhi,North West,Rural,67592.0,31497.872,3041.64,43326.471999999994,Urban,959275.0,329990.6,31656.074999999997,824017.2250000001
88,Nct Of Delhi,North,Rural,4512.0,1141.536,40.608,4421.759999999999,Urban,296559.0,110023.38900000001,10379.565,266606.541
89,Nct Of Delhi,North East,Rural,5326.0,1938.6639999999998,149.128,5059.7,Urban,482255.0,171682.78,9645.1,458624.505
90,Nct Of Delhi,East,Rural,1086.0,72.762,13.031999999999998,1065.366,Urban,461132.0,111593.94399999999,8761.508,430697.288
91,Nct Of Delhi,New Delhi,,,,,,Urban,52664.0,15167.232,1948.568,41025.256
92,Nct Of Delhi,Central,,,,,,Urban,194897.0,76594.521,6236.704000000001,176966.476
93,Nct Of Delhi,West,Rural,1809.0,873.747,32.562,1575.639,Urban,699703.0,201514.464,19591.683999999997,629032.997
94,Nct Of Delhi,South West,Rural,41179.0,14618.545,1358.907,36113.983,Urban,606503.0,168001.33099999998,15769.078,553130.736
95,Nct Of Delhi,South,Rural,2918.0,1205.134,134.22799999999998,2643.7079999999996,Urban,728145.0,220627.935,21116.204999999998,640767.6
96,Rajasthan,Ganganagar,Rural,397697.0,167430.437,9942.425,323327.66099999996,Urban,164897.0,53096.834,5441.601,154343.592
97,Rajasthan,Hanumangarh,Rural,389059.0,143173.712,9337.416,320195.55700000003,Urban,108694.0,34999.46800000001,3369.514,102063.66600000001
98,Rajasthan,Bikaner,Rural,335754.0,169891.524,16451.946,99047.43,Urban,196179.0,53556.867,3335.0429999999997,181661.754
99,Rajasthan,Churu,Rural,344897.0,135199.624,20004.025999999998,162101.59,Urban,148996.0,45294.784,3277.9120000000003,130371.5
100,Rajasthan,Jhunjhunun,Rural,500452.00000000006,122110.288,12010.848,228706.56400000004,Urban,150357.0,38190.678,2706.426,124044.525
101,Rajasthan,Alwar,Rural,782294.0,309006.13,28162.584,115779.512,Urban,212967.0,61334.49600000001,3407.472,168882.831
102,Rajasthan,Bharatpur,Rural,,,,,Urban,129697.0,54472.74,3112.728,90139.41500000001
103,Rajasthan,Dhaulpur,Rural,214669.99999999997,125367.27999999998,14168.219999999998,10304.159999999998,Urban,58626.0,23333.147999999997,2051.91,36817.128
104,Rajasthan,Karauli,Rural,305047.0,190349.32799999998,17082.631999999998,25013.853999999996,Urban,59308.00000000001,24612.820000000003,1838.5480000000002,37008.192
105,Rajasthan,Sawai Madhopur,Rural,282057.0,155695.464,12410.508000000002,24821.016000000003,Urban,71264.0,24799.871999999996,1852.864,51452.608
106,Rajasthan,Dausa,Rural,361084.0,170070.564,19137.452,33580.812000000005,Urban,59610.0,15975.480000000001,834.54,45899.700000000004
107,Rajasthan,Jaipur,Rural,754841.0,321562.266,31703.322,166065.02,Urban,977837.9999999999,264994.098,11734.055999999999,886899.066
108,Rajasthan,Sikar,Rural,527560.0,165653.84,14771.68,212079.12000000002,Urban,178274.0,47955.706,2852.384,150998.078
109,Rajasthan,Nagaur,Rural,675712.0,313530.36799999996,42569.856,179063.68,Urban,166489.0,53276.48,3995.736,134190.134
110,Rajasthan,Jodhpur,Rural,584215.0,289186.425,30379.18,80037.45499999999,Urban,307442.0,79320.03600000001,5226.514,277005.24199999997
111,Rajasthan,Jaisalmer,Rural,159117.0,89264.637,5091.744000000001,26572.539,Urban,30830.0,12455.32,524.11,20501.95
112,Rajasthan,Barmer,Rural,542825.0,322438.05,28769.725,52654.024999999994,Urban,55979.99999999999,16234.199999999999,1399.5,46351.439999999995
113,Rajasthan,Jalor,Rural,419216.0,218411.536,35214.144,47371.408,Urban,48202.0,17593.73,1928.08,29837.037999999997
114,Rajasthan,Sirohi,Rural,238535.0,121175.77999999998,16458.915,38642.67,Urban,69639.0,18663.252,1323.1409999999998,47493.798
115,Rajasthan,Pali,Rural,512909.0,256967.409,27697.086000000003,95913.983,Urban,139808.0,46416.256,3495.2,96607.328
116,Rajasthan,Ajmer,Rural,409335.0,204258.16499999998,13917.39,57716.235,Urban,274919.0,76702.401,3024.1090000000004,236980.178
117,Rajasthan,Tonk,Rural,298911.0,161710.85100000002,5679.309,20624.859,Urban,81755.0,29677.064999999995,2043.875,53713.034999999996
118,Rajasthan,Bundi,Rural,239836.0,135027.668,8154.424,19906.388000000003,Urban,63452.0,21319.872,1269.04,40736.184
119,Rajasthan,Bhilwara,Rural,530015.0,294158.32499999995,19080.54,55651.575,Urban,145865.0,43905.365000000005,1896.2450000000001,108961.15500000001
120,Rajasthan,Rajsamand,Rural,304622.0,166323.612,12794.124,34422.286,Urban,61054.0,18865.685999999998,610.54,43592.556000000004
121,Rajasthan,Dungarpur,Rural,322816.0,200468.736,20014.592,29376.255999999998,Urban,31547.000000000004,8076.032000000001,662.4870000000001,23376.327
122,Rajasthan,Banswara,Rural,390437.0,267839.78199999995,35529.767,26940.153000000002,Urban,39407.0,9260.645,906.3609999999999,32510.774999999998
123,Rajasthan,Chittaurgarh,Rural,366780.0,201362.22,13204.080000000002,35210.88,Urban,88873.0,23817.964,1599.7140000000002,64432.925
124,Rajasthan,Kota,Rural,203454.0,94199.20199999999,5696.7119999999995,25024.842,Urban,311735.0,91338.355,5922.964999999999,239412.47999999998
125,Rajasthan,Baran,Rural,249184.0,126336.28800000002,7724.704000000001,18688.800000000003,Urban,69804.0,24361.595999999998,1396.08,39997.691999999995
126,Rajasthan,Jhalawar,Rural,298624.0,178278.528,12840.831999999999,21500.928,Urban,63763.0,19128.9,1339.0230000000001,42657.447
127,Rajasthan,Udaipur,Rural,665449.0,399934.849,25287.061999999998,61886.757000000005,Urban,182769.0,40209.18,2193.228,157546.878
128,Rajasthan,Pratapgarh,Rural,209813.0,132601.81600000002,5245.325000000001,13008.406,Urban,24269.0,5824.5599999999995,339.76599999999996,17012.569
129,Uttar Pradesh,Saharanpur,Rural,605082.0,281363.13,34489.674,259580.17799999999,Urban,284156.0,105990.188,8808.836,261423.52
130,Uttar Pradesh,Muzaffarnagar,Rural,673746.0,338220.492,30992.316,369886.554,Urban,296104.0,118441.6,9475.328,274192.304
131,Uttar Pradesh,Bijnor,Rural,683875.0,359718.25,37613.125,344673.0,Urban,224648.0,95924.69600000001,7188.736000000001,207574.752
132,Uttar Pradesh,Moradabad,Rural,692398.0,439672.73,41543.88,330966.24399999995,Urban,355518.0,164249.316,11376.576000000001,332764.84799999994
133,Uttar Pradesh,Rampur,Rural,396775.0,257506.97500000003,24600.05,223781.1,Urban,143217.0,69460.24500000001,5585.463,135053.631
134,Uttar Pradesh,Jyotiba Phule Nagar,Rural,335888.0,203212.24000000002,19817.392000000003,135362.864,Urban,115485.99999999999,58551.401999999995,4619.44,106247.12
135,Uttar Pradesh,Meerut,Rural,381520.0,190378.47999999998,15642.319999999998,202587.12,Urban,422303.0,151606.77699999997,8868.363,392319.487
136,Uttar Pradesh,Baghpat,Rural,246055.00000000003,128686.765,7873.760000000001,144680.34,Urban,69991.0,32545.815,2169.721,60542.215
137,Uttar Pradesh,Ghaziabad,Rural,355407.0,180191.34900000002,12794.652,212533.386,Urban,836316.0,285183.756,15053.688,792827.568
138,Uttar Pradesh,Gautam Buddha Nagar,Rural,170835.0,72263.20499999999,4100.04,88321.695,Urban,338935.0,95240.735,4406.155,310125.52499999997
139,Uttar Pradesh,Bulandshahr,Rural,658449.0,370706.78699999995,28313.306999999997,203460.74099999998,Urban,221628.00000000003,95964.924,6205.584,188383.80000000002
140,Uttar Pradesh,Aligarh,Rural,582117.0,330060.33900000004,25031.031,124573.038,Urban,275942.0,116999.408,7450.434000000001,232895.048
141,Uttar Pradesh,Mahamaya Nagar,Rural,288150.0,158770.65,12102.300000000001,47544.75,Urban,84883.0,39385.712,2716.2560000000003,61709.941000000006
142,Uttar Pradesh,Mathura,Rural,407488.0,217191.104,16299.52,79867.648,Urban,177802.0,72009.81,4089.4459999999995,144375.22400000002
143,Uttar Pradesh,Agra,Rural,496971.0,262897.659,21369.753,82497.186,Urban,406852.0,155417.464,7730.187999999999,333618.64
144,Uttar Pradesh,Firozabad,Rural,349747.0,201454.272,23433.049,39871.157999999996,Urban,185621.0,96708.541,7424.84,152394.841
145,Uttar Pradesh,Mainpuri,Rural,338475.0,180745.65,25385.625,45694.125,Urban,72783.0,30277.728000000003,3202.452,54878.382000000005
146,Uttar Pradesh,Budaun,Rural,710956.0,464965.22400000005,57587.436,149300.76,Urban,156668.0,81154.024,9870.084,121417.70000000001
147,Uttar Pradesh,Bareilly,Rural,631613.0,397916.19,48634.201,282962.624,Urban,362798.0,169063.86800000002,14511.92,334862.554
148,Uttar Pradesh,Pilibhit,Rural,371752.0,233088.50400000002,34201.183999999994,131971.96,Urban,89638.0,40874.928,7529.592000000001,79598.544
149,Uttar Pradesh,Shahjahanpur,Rural,520289.00000000006,319977.73500000004,62434.68000000001,140478.03,Urban,134714.0,66952.85800000001,11046.548,115719.32600000002
150,Uttar Pradesh,Kheri,Rural,754938.0,483160.32,83798.118,138153.654,Urban,107672.0,49313.776,9582.808,82046.064
151,Uttar Pradesh,Sitapur,Rural,827583.0,512273.877,100137.54299999999,98482.37700000001,Urban,111319.0,47199.256,9462.115,80149.68000000001
152,Uttar Pradesh,Hardoi,Rural,786613.0,490059.899,65288.87900000001,136870.66199999998,Urban,121064.00000000001,56173.696,7990.224,89587.36
153,Uttar Pradesh,Unnao,Rural,596317.0,351827.03,43531.140999999996,94218.08600000001,Urban,121039.00000000001,53499.238000000005,6172.9890000000005,86784.963
154,Uttar Pradesh,Lucknow,Rural,344155.0,196856.66000000003,28564.865000000005,73993.325,Urban,717566.0,223163.026,29420.206,629305.382
155,Uttar Pradesh,Rae Bareli,Rural,705025.0,390583.85,54991.95,94473.35,Urban,73393.0,25027.013,3816.4359999999997,52182.422999999995
156,Uttar Pradesh,Farrukhabad,Rural,316647.0,188721.612,27231.641999999996,75678.63299999999,Urban,94843.0,43343.251000000004,4457.621,77486.731
157,Uttar Pradesh,Kannauj,Rural,299785.0,174774.655,26381.08,65053.344999999994,Urban,65985.0,28571.504999999997,3893.1150000000002,49884.659999999996
158,Uttar Pradesh,Etawah,Rural,265643.0,145306.721,20720.154,52597.314,Urban,85483.0,34620.615000000005,3590.2860000000005,71292.82200000001
159,Uttar Pradesh,Auraiya,Rural,255836.0,141221.472,23025.24,52190.544,Urban,58438.0,22557.068,2337.52,43945.376000000004
160,Uttar Pradesh,Kanpur Dehat,Rural,363933.0,206713.944,30570.372,83704.59,Urban,41323.0,16322.585000000001,2438.0570000000002,27397.149
161,Uttar Pradesh,Kanpur Nagar,Rural,364869.0,214542.97199999998,25175.961000000003,86109.084,Urban,684906.0,265058.62200000003,32875.488,583539.912
162,Uttar Pradesh,Jalaun,Rural,304856.0,174682.48799999998,8840.823999999999,86274.248,Urban,91565.0,37633.215000000004,3204.775,69223.14
163,Uttar Pradesh,Jhansi,Rural,309592.0,146746.608,6191.84,64085.544,Urban,195321.0,64260.609,3711.0989999999997,139849.83599999998
164,Uttar Pradesh,Lalitpur,Rural,258013.0,136230.864,6966.351000000001,30961.56,Urban,43819.0,15862.478000000001,1139.294,27562.150999999998
165,Uttar Pradesh,Hamirpur,Rural,256081.0,129320.905,3841.215,64020.25,Urban,55300.0,20516.3,884.8000000000001,37991.1
166,Uttar Pradesh,Mahoba,Rural,198298.0,100537.08600000001,3371.066,35297.044,Urban,48525.0,23631.675000000003,776.4000000000001,26543.175000000003
167,Uttar Pradesh,Banda,Rural,378056.0,199991.62399999998,4158.616,75611.2,Urban,67569.0,23784.288000000004,1148.673,49663.215000000004
168,Uttar Pradesh,Chitrakoot,Rural,207237.0,108799.42499999999,3730.266,24453.966,Urban,23558.0,11001.586000000001,636.066,13828.546000000002
169,Uttar Pradesh,Fatehpur,Rural,558807.0,320755.218,31851.999,102261.681,Urban,77733.0,31792.797000000002,3342.5190000000002,56045.492999999995
170,Uttar Pradesh,Pratapgarh,Rural,711085.0,317854.99500000005,44798.355,80352.60500000001,Urban,41701.0,13219.216999999999,1251.03,26730.340999999997
171,Uttar Pradesh,Kaushambi,Rural,349856.0,193120.51200000002,15393.664,48280.128000000004,Urban,30764.0,13197.756,1353.616,15812.695999999998
172,Uttar Pradesh,Allahabad,Rural,983266.0,479833.80799999996,45230.236,153389.49599999998,Urban,265304.0,80917.72,7693.816,222855.36
173,Uttar Pradesh,Bara Banki,Rural,635840.0,323642.56,75664.95999999999,83930.87999999999,Urban,79068.0,31231.859999999997,6957.984,53608.10399999999
174,Uttar Pradesh,Faizabad,Rural,510378.0,262334.29199999996,47465.154,74004.81,Urban,79288.0,28622.968,3885.112,60417.456
175,Uttar Pradesh,Ambedkar Nagar,Rural,501559.0,232723.376,49654.341,69716.701,Urban,65030.99999999999,27313.019999999997,6373.038,35376.863999999994
176,Uttar Pradesh,Sultanpur,Rural,839737.0000000001,418189.026,72217.382,110005.547,Urban,49891.0,14817.627,2195.204,36370.539000000004
177,Uttar Pradesh,Bahraich,Rural,698520.0,430986.84,60072.719999999994,73344.59999999999,Urban,61741.99999999999,25931.64,3519.294,49084.89
178,Uttar Pradesh,Shrawasti,Rural,248769.99999999997,139808.74,16916.359999999997,25872.079999999998,Urban,8504.0,3189.0000000000005,850.4000000000001,5357.52
179,Uttar Pradesh,Balrampur,Rural,410070.0,232509.69,27474.69,41827.13999999999,Urban,35768.0,14486.04,1466.4879999999998,25717.192000000003
180,Uttar Pradesh,Gonda,Rural,673578.0,344198.358,76114.314,53212.662000000004,Urban,52794.00000000001,17158.050000000003,2322.9360000000006,40704.174
181,Uttar Pradesh,Siddharthnagar,Rural,480164.99999999994,215113.91999999998,31690.889999999996,49937.159999999996,Urban,33348.0,11805.192000000001,1734.0960000000002,15640.212
182,Uttar Pradesh,Basti,Rural,513960.00000000006,207125.88,51396.0,67328.76000000001,Urban,31064.999999999996,11090.205,2112.4199999999996,22397.864999999998
183,Uttar Pradesh,Sant Kabir Nagar,Rural,324972.0,141037.848,33147.14399999999,39971.556,Urban,27179.000000000004,10300.841,1739.4560000000001,13507.963000000002
184,Uttar Pradesh,Mahrajganj,Rural,573046.0,294545.644,50428.048,95698.682,Urban,34033.0,13374.969,1973.9139999999998,19875.271999999997
185,Uttar Pradesh,Gorakhpur,Rural,761958.0,356596.344,67814.262,141724.18800000002,Urban,189170.0,59777.72,6999.290000000001,152092.68000000002
186,Uttar Pradesh,Kushinagar,Rural,742324.0,414959.116,63097.54,109863.952,Urban,42775.0,16553.925000000003,4020.8500000000004,26648.824999999997
187,Uttar Pradesh,Deoria,Rural,597778.0,277966.76999999996,50811.13,99828.92599999999,Urban,67928.0,22823.808,4483.248,42387.072
188,Uttar Pradesh,Azamgarh,Rural,891024.0,430364.59199999995,80192.16,149692.032,Urban,80434.0,30082.316,3860.832,51960.363999999994
189,Uttar Pradesh,Mau,Rural,352207.0,166241.70400000003,35572.907,61988.43200000001,Urban,99321.0,43800.561,6753.828,63068.835
190,Uttar Pradesh,Ballia,Rural,564927.0,269470.17900000006,72310.656,125413.79400000001,Urban,64454.0,23267.894,5994.222,39316.939999999995
191,Uttar Pradesh,Jaunpur,Rural,926087.9999999999,426926.56799999997,66678.336,142617.552,Urban,80582.0,35858.990000000005,3545.6080000000006,57857.876000000004
192,Uttar Pradesh,Ghazipur,Rural,700173.0,358488.576,72817.992,130232.178,Urban,61466.99999999999,23603.327999999998,4487.090999999999,40260.884999999995
193,Uttar Pradesh,Chandauli,Rural,344937.0,169019.13,23455.716,64848.156,Urban,50822.0,18702.496,2337.812,35168.824
194,Uttar Pradesh,Varanasi,Rural,438935.00000000006,208933.06000000003,29408.645000000004,118951.38500000001,Urban,316129.0,113174.18199999999,11064.515,281354.81
195,Uttar Pradesh,Sant Ravidas Nagar (Bhadohi),Rural,293510.0,140004.27,18197.62,36982.259999999995,Urban,45997.0,20238.68,2621.829,25574.332000000002
196,Uttar Pradesh,Mirzapur,Rural,465152.00000000006,240018.43200000003,22327.296000000002,89309.18400000001,Urban,77963.0,31730.941000000003,2728.705,53404.655
197,Uttar Pradesh,Sonbhadra,Rural,337048.0,188072.78399999999,6066.8640000000005,46175.576,Urban,91040.0,31317.76,4278.88,64365.28
198,Uttar Pradesh,Etah,Rural,334246.0,189183.236,23397.22,30750.631999999998,Urban,67752.0,29404.368,2100.312,53049.816
199,Uttar Pradesh,Kanshiram Nagar,Rural,271234.0,166808.91,24139.826,30378.208,Urban,72490.0,36317.49,3189.56,55744.810000000005
200,Bihar,Pashchim Champaran,Rural,839514.0,531412.362,41136.186,96544.10999999999,Urban,96620.0,50145.78,7149.880000000001,52078.18
201,Bihar,Purba Champaran,Rural,1142260.0,639665.6,63966.56,177050.30000000002,Urban,101565.0,43571.384999999995,5789.205,54845.1
202,Bihar,Sheohar,Rural,158484.0,94456.46399999999,5388.455999999999,31379.832,Urban,7516.0,3382.2,601.28,2773.4039999999995
203,Bihar,Sitamarhi,Rural,807294.0,473881.578,50052.227999999996,150963.97799999997,Urban,49670.0,20762.059999999998,3228.5499999999997,30050.35
204,Bihar,Madhubani,Rural,1047552.0,532156.416,49234.944,181226.496,Urban,41234.0,17606.918,2927.6139999999996,22884.87
205,Bihar,Supaul,Rural,572287.0,355390.227,28042.063000000002,52078.117,Urban,27814.999999999996,14408.169999999998,2169.5699999999997,13017.419999999998
206,Bihar,Araria,Rural,659061.0,424435.28400000004,24385.257,44157.087,Urban,44213.0,21443.305,2829.632,24007.659
207,Bihar,Kishanganj,Rural,401793.0,249915.246,14062.755,24911.166,Urban,43357.0,20117.647999999997,3425.203,22502.283
208,Bihar,Purnia,Rural,712847.0,464063.397,36355.197,61304.842,Urban,85749.0,39530.289000000004,8317.653,50677.659
209,Bihar,Katihar,Rural,668232.0,414303.83999999997,33411.6,84865.46399999999,Urban,69838.0,29541.474,4958.498,47839.03
210,Bihar,Madhepura,Rural,486278.0,311217.92,30149.236,54949.414,Urban,24000.0,11016.0,2088.0,12312.0
211,Bihar,Saharsa,Rural,432651.0,278194.593,28554.966,54081.375,Urban,38046.0,16397.826,2815.404,25719.095999999998
212,Bihar,Darbhanga,Rural,907174.0,478987.872,73481.094,189599.36599999998,Urban,95539.0,38215.6,8598.51,64011.13
213,Bihar,Muzaffarpur,Rural,998694.0,603211.176,83890.296,218713.986,Urban,120700.0,43693.4,8207.6,93059.7
214,Bihar,Gopalganj,Rural,515925.0,273956.175,41274.0,93382.425,Urban,38133.0,15100.668,2326.113,19371.564
215,Bihar,Siwan,Rural,632514.0,294751.52400000003,51866.148,127767.82800000001,Urban,41858.0,14399.151999999998,2553.3379999999997,29886.612
216,Bihar,Saran,Rural,701323.0,360480.02199999994,61015.10099999999,124835.49399999999,Urban,76299.0,31664.085,6027.621,45016.41
217,Bihar,Vaishali,Rural,699317.0,397911.373,86015.99100000001,174829.25,Urban,51494.00000000001,22966.324000000004,5458.3640000000005,31926.280000000002
218,Bihar,Samastipur,Rural,1012979.0000000001,599683.5680000001,98258.963,172206.43000000002,Urban,43486.0,16785.596,2826.59,30527.172000000002
219,Bihar,Begusarai,Rural,594377.0,339389.26700000005,68947.732,151566.135,Urban,139248.0,60572.88,13646.304000000002,80346.096
220,Bihar,Khagaria,Rural,373696.0,219733.248,33258.944,81092.03199999999,Urban,21007.0,9936.311,1512.504,13927.641
221,Bihar,Bhagalpur,Rural,522527.00000000006,307245.876,45982.37600000001,131154.27700000003,Urban,130633.99999999999,55911.35199999999,10058.818,93664.578
222,Bihar,Banka,Rural,425604.0,257490.41999999998,28941.072,47242.044,Urban,18492.0,8672.748,943.0919999999999,8284.416
223,Bihar,Munger,Rural,222281.0,130256.666,17560.199,58015.341,Urban,85782.0,33626.544,5747.394,63650.244000000006
224,Bihar,Lakhisarai,Rural,175882.0,103594.49799999999,13542.914,47136.376,Urban,31763.0,16612.049,2668.092,19566.008
225,Bihar,Sheikhpura,Rural,108293.0,64975.8,10179.542000000001,26315.199,Urban,24345.0,10882.215,1801.53,12708.09
226,Bihar,Nalanda,Rural,514141.0,306428.036,48843.395,117224.148,Urban,102522.0,42854.195999999996,7279.062,75456.192
227,Bihar,Patna,Rural,657991.0,384266.744,59877.181,181605.516,Urban,552103.0,171151.93,28709.356,477569.095
228,Bihar,Bhojpur,Rural,434559.0,251175.10199999998,37806.633,89084.595,Urban,77368.0,31798.248,6344.1759999999995,53074.44799999999
229,Bihar,Buxar,Rural,299252.0,169975.136,31421.46,59850.4,Urban,35405.0,14020.380000000001,3115.6400000000003,23792.160000000003
230,Bihar,Kaimur (Bhabua),Rural,325143.0,196061.229,21134.295,47145.735,Urban,15299.0,5125.165,703.754,10739.898000000001
231,Bihar,Rohtas,Rural,512383.0,295644.99100000004,32792.512,108112.81300000001,Urban,95678.0,39993.403999999995,5645.002,65443.752
232,Bihar,Aurangabad,Rural,428291.0,247552.19799999997,28267.206,73666.052,Urban,49006.0,20141.466,2646.324,33324.08
233,Bihar,Gaya,Rural,696289.0,437269.492,55006.831000000006,114887.68500000001,Urban,111282.0,40061.52,5230.254,86577.396
234,Bihar,Nawada,Rural,379551.0,236460.27300000002,39093.753000000004,65662.323,Urban,45323.0,17993.231000000003,2900.6720000000005,31408.839
235,Bihar,Jamui,Rural,325909.0,209233.578,26072.72,38783.171,Urban,30851.0,15086.139,2622.335,15086.139
236,Bihar,Jehanabad,Rural,186660.0,114235.92,16986.059999999998,41625.18,Urban,28132.0,11027.744,1941.108,19045.364
237,Bihar,Arwal,Rural,134334.0,83152.746,10478.052,30225.149999999998,Urban,9960.0,5149.32,607.56,3884.3999999999996
238,Sikkim,North  District,Rural,11543.0,5228.979,427.09100000000007,8657.25,Urban,2066.0,419.398,37.188,2010.2179999999998
239,Sikkim,West District,Rural,32091.000000000004,16558.956000000002,2535.1890000000003,26988.531,Urban,1886.0,290.444,124.47599999999998,1684.1979999999999
240,Sikkim,South District,Rural,31135.000000000004,14104.155,1836.9650000000001,26433.615000000005,Urban,8163.0,1248.939,73.467,7991.577
241,Sikkim,East District,Rural,40626.0,16900.416,3046.95,34857.108,Urban,41512.0,7638.208,705.704,39394.888000000006
242,Arunachal Pradesh,Tawang,Rural,10730.0,5032.37,439.92999999999995,7446.620000000001,Urban,2452.0,613.0,14.712,2390.7
243,Arunachal Pradesh,West Kameng,Rural,17889.0,8640.386999999999,447.22499999999997,6958.820999999999,Urban,,,,
244,Arunachal Pradesh,East Kameng,Rural,14503.0,8440.746000000001,377.07800000000003,3190.66,Urban,5215.0,2466.6949999999997,130.375,3337.6
245,Arunachal Pradesh,Papum Pare,Rural,20308.0,8996.444,812.32,11128.784,Urban,30180.0,9476.52,1056.3,27675.06
246,Arunachal Pradesh,Upper Subansiri,Rural,14541.999999999998,9146.918,363.54999999999995,5002.447999999999,Urban,4672.0,1798.72,56.064,3975.872
247,Arunachal Pradesh,West Siang,Rural,22272.0,9176.064,178.17600000000002,15835.391999999998,Urban,8503.0,2550.9,178.56300000000002,8128.8679999999995
248,Arunachal Pradesh,East Siang,Rural,19497.0,5459.16,292.455,9241.578,Urban,9524.0,5371.535999999999,409.532,8638.268
249,Arunachal Pradesh,Upper Siang,Rural,8569.0,2502.1479999999997,34.276,4824.347,Urban,2182.0,1036.45,24.002000000000002,1749.9640000000002
250,Arunachal Pradesh,Changlang,Rural,33422.0,16644.156,568.174,21824.566000000003,Urban,6498.0,2488.734,51.98400000000001,5932.674
251,Arunachal Pradesh,Tirap,Rural,18420.0,7975.859999999999,184.2,15767.519999999999,Urban,6500.0,3068.0,97.5,5973.5
252,Arunachal Pradesh,Lower Subansiri,Rural,18112.0,7281.024,271.68,12334.271999999999,Urban,5365.0,1314.425,37.555,5284.525
253,Arunachal Pradesh,Kurung Kumey,Rural,18603.0,8315.541000000001,2325.375,4371.705,Urban,1092.0,542.724,55.69199999999999,880.1519999999999
254,Arunachal Pradesh,Dibang Valley,Rural,2055.0,1021.3350000000002,147.96,1329.585,Urban,1175.0,573.4,65.8,965.85
255,Arunachal Pradesh,Lower Dibang Valley,Rural,12000.0,6324.0,384.0,5760.0,Urban,3950.0,1275.85,146.15,3499.7
256,Arunachal Pradesh,Lohit,Rural,33599.0,18177.059,2015.94,16631.505,Urban,11372.0,5310.724,409.392,10143.824
257,Arunachal Pradesh,Anjaw,Rural,6025.0,3181.2,361.5,1668.925,Urban,428.0,292.324,0.0,274.776
258,Nagaland,Mon,Rural,43607.0,27908.48,610.4979999999999,27341.589,Urban,7415.000000000001,3611.1050000000005,415.24,6984.930000000001
259,Nagaland,Mokokchung,Rural,37536.0,12799.776000000002,187.68,36147.168,Urban,17742.0,5854.86,124.19399999999999,17475.87
260,Nagaland,Zunheboto,Rural,31267.0,13820.014000000001,531.539,22418.439000000002,Urban,6044.0,2181.884,12.088000000000001,5705.536
261,Nagaland,Wokha,Rural,38499.0,19865.484,384.99,22906.905,Urban,8170.0,1772.89,16.34,7900.39
262,Nagaland,Dimapur,Rural,49116.0,21954.852000000003,1571.7120000000002,44990.256,Urban,62853.0,21747.138,1319.913,60841.704
263,Nagaland,Phek,Rural,38903.0,21163.231999999996,933.6719999999999,29332.862,Urban,7295.0,2837.755,29.180000000000003,6828.12
264,Nagaland,Tuensang,Rural,40690.0,22379.5,1383.4599999999998,20263.62,Urban,9451.0,5094.089,292.98100000000005,8392.488
265,Nagaland,Longleng,Rural,12686.0,8385.446,279.09200000000004,8753.34,Urban,2451.0,1561.2870000000003,137.256,1855.4070000000002
266,Nagaland,Kiphire,Rural,16032.0,9170.304,160.32,5867.7119999999995,Urban,4290.0,1192.62,17.16,4088.37
267,Nagaland,Kohima,Rural,31845.0,10699.92,191.07,16623.09,Urban,44255.0,14117.345,840.845,40714.6
268,Nagaland,Peren,Rural,20204.0,10708.119999999999,181.83599999999998,15577.283999999998,Urban,4072.9999999999995,2488.603,85.533,3783.817
269,Manipur,Senapati,Rural,38008.0,22690.776,836.176,27555.8,Urban,1826.0000000000002,1157.684,32.868,1782.1760000000002
270,Manipur,Tamenglong,Rural,23982.0,13573.812,2014.488,15924.048,Urban,4119.0,2253.093,428.376,3983.073
271,Manipur,Churachandpur,Rural,52972.0,28392.992000000002,1218.356,43595.956,Urban,4853.0,2547.8250000000003,111.619,4794.764
272,Manipur,Bishnupur,Rural,34977.0,12137.019,2063.643,31864.046999999995,Urban,21172.0,6372.772,868.0519999999999,19986.368000000002
273,Manipur,Thoubal,Rural,65961.0,22096.935,3627.855,60486.237,Urban,38302.0,10264.936,1991.704,36042.18199999999
274,Manipur,Imphal West,Rural,51055.0,16899.205,2705.915,46970.6,Urban,85746.0,26152.530000000002,3772.8240000000005,82916.38200000001
275,Manipur,Imphal East,Rural,64421.0,23449.244,2963.366,58558.689000000006,Urban,46520.0,14653.8,1488.64,44426.6
276,Manipur,Ukhrul,Rural,36084.0,25403.136,1876.368,29011.536,Urban,5806.0,3274.584,243.85200000000003,5579.566
277,Manipur,Chandel,Rural,30377.0,17740.167999999998,1245.4569999999999,23420.666999999998,Urban,3783.0,1539.681,590.1479999999999,3665.727
278,Mizoram,Mamit,Rural,16726.0,8312.822,986.8340000000001,13899.305999999999,Urban,4129.0,883.6059999999999,41.29,4075.323
279,Mizoram,Kolasib,Rural,9669.0,4554.099,212.71800000000002,9253.233,Urban,12507.0,4815.195,300.16799999999995,12081.761999999999
280,Mizoram,Aizawl,Rural,20570.0,7117.22,349.69,20035.18,Urban,80341.0,13336.606,562.387,79778.613
281,Mizoram,Champhai,Rural,18395.0,8866.39,882.9599999999999,17456.855,Urban,12717.0,5646.348,190.755,12386.358
282,Mizoram,Serchhip,Rural,7472.0,3885.44,463.264,7203.008000000001,Urban,8018.000000000001,3736.3880000000004,769.7280000000001,7969.892000000001
283,Mizoram,Lunglei,Rural,21479.0,10696.542,837.6809999999999,17290.595,Urban,17315.0,4640.42,138.52,16830.18
284,Mizoram,Lawngtlai,Rural,21993.0,10930.521,1143.636,13305.765000000001,Urban,5273.0,1824.4579999999999,84.368,5183.3589999999995
285,Mizoram,Saiha,Rural,7043.000000000001,2281.9320000000002,366.23600000000005,6127.410000000001,Urban,5784.0,1660.008,133.032,5645.184
286,Tripura,West Tripura,Rural,289621.0,119903.094,11584.84,246757.092,Urban,217016.0,69879.152,7812.576,212892.69599999997
287,Tripura,South Tripura,Rural,219171.0,94024.359,9862.695,181035.24599999998,Urban,44906.0,12304.243999999999,1616.616,44007.88
288,Tripura,Dhalai,Rural,89457.0,42492.075000000004,6440.904,59399.44800000001,Urban,14071.0,5628.400000000001,1266.39,13564.444000000001
289,Tripura,North Tripura,Rural,150437.0,72811.50799999999,12486.271,122606.15499999998,Urban,42184.0,14511.295999999998,2995.064,40918.479999999996
290,Meghalaya,West Garo Hills,Rural,139351.0,68281.99,7664.305,78454.613,Urban,18594.0,6340.554,1171.422,17459.766
291,Meghalaya,East Garo Hills,Rural,62698.0,30659.322,2257.128,49719.514,Urban,11518.0,4872.114,138.216,11137.906
292,Meghalaya,South Garo Hills,Rural,35930.0,18396.16,1437.2,22779.62,Urban,3713.0000000000005,1555.747,100.25100000000002,3245.1620000000003
293,Meghalaya,West Khasi Hills,Rural,74832.0,41980.752,6884.544,30531.456,Urban,12299.0,5755.932,565.7539999999999,11130.595
294,Meghalaya,Ribhoi,Rural,57988.0,31255.532,3421.2920000000004,37170.308,Urban,5736.0,1955.976,177.816,5242.704000000001
295,Meghalaya,East Khasi Hills,Rural,106248.0,56205.192,9881.064,47067.864,Urban,108843.0,25578.105000000003,2285.7030000000004,105468.86700000001
296,Meghalaya,Jaintia Hills,Rural,76546.0,35517.344,6429.8640000000005,33374.056000000004,Urban,7170.999999999999,1003.9399999999999,150.59099999999998,6891.330999999999
297,Assam,Kokrajhar,Rural,204896.0,112692.8,26636.48,51019.104,Urban,17115.0,4244.52,804.4050000000001,15420.615
298,Assam,Dhubri,Rural,460602.00000000006,295706.48400000005,81065.95200000002,179634.78000000003,Urban,60416.99999999999,24045.965999999997,7370.873999999999,48394.01699999999
299,Assam,Goalpara,Rural,228610.0,138080.44,28804.859999999997,141966.81,Urban,39504.0,18329.856,3160.32,33578.4
300,Assam,Barpeta,Rural,447189.00000000006,282623.44800000003,84071.532,312137.922,Urban,52191.99999999999,17640.895999999997,3862.208,48434.17599999999
301,Assam,Morigaon,Rural,232206.0,145128.75,34366.488,132821.832,Urban,25275.0,10817.699999999999,2325.2999999999997,22823.325
302,Assam,Nagaon,Rural,674999.0,400274.40699999995,93149.86200000001,485999.27999999997,Urban,124185.99999999999,54269.282,7326.974,118225.072
303,Assam,Sonitpur,Rural,483325.0,280811.825,49299.149999999994,265828.75,Urban,64528.0,20778.016,2903.7599999999998,61301.6
304,Assam,Lakhimpur,Rural,293239.0,190018.87199999997,28444.182999999997,157469.343,Urban,34694.0,13079.638,1908.17,32855.218
305,Assam,Dhemaji,Rural,211758.0,140183.796,21175.8,85338.47399999999,Urban,16504.0,7971.431999999999,1188.288,15777.823999999999
306,Assam,Tinsukia,Rural,290704.0,162794.24,14535.2,224714.19199999998,Urban,90910.0,33727.61,4545.5,85909.95
307,Assam,Dibrugarh,Rural,299852.0,162519.784,17091.564000000002,222490.184,Urban,77163.0,22917.411,3163.6829999999995,74385.132
308,Assam,Sivasagar,Rural,360182.0,217189.746,21971.102,258970.85800000004,Urban,45047.0,16397.108,1756.833,41983.804000000004
309,Assam,Jorhat,Rural,286330.0,174374.97,23192.73,168648.37,Urban,80824.0,28530.872,3232.96,76136.208
310,Assam,Golaghat,Rural,292893.0,187451.52,23138.547,190673.34299999996,Urban,34190.0,13231.53,1435.98,33403.63
311,Assam,Karbi Anglong,Rural,215691.0,140414.841,9274.713,104610.135,Urban,37185.0,19336.2,1338.66,35139.825000000004
312,Assam,Dima Hasao,Rural,37610.0,23468.64,1692.45,21475.31,Urban,21309.0,9631.668000000001,703.197,20584.494
313,Assam,Cachar,Rural,346227.0,197003.163,42239.693999999996,268672.152,Urban,88933.0,33083.076,5424.913,85197.814
314,Assam,Karimganj,Rural,261944.99999999997,150880.32,39029.805,219247.965,Urban,32695.0,11802.895,2844.4649999999997,31844.93
315,Assam,Hailakandi,Rural,159215.0,94732.925,26748.120000000003,130397.08500000002,Urban,16202.000000000002,4941.610000000001,1231.352,15894.162
316,Assam,Bongaigaon,Rural,181923.0,116976.489,22740.375,89506.11600000001,Urban,38470.0,11156.3,1654.2099999999998,35238.52
317,Assam,Chirang,Rural,129018.0,74185.35,14062.962000000001,30964.32,Urban,11613.0,4587.135,1718.724,9859.437
318,Assam,Kamrup,Rural,390596.0,230842.236,48043.308000000005,222639.72,Urban,43849.0,19775.899,3727.165,34509.163
319,Assam,Kamrup Metropolitan,Rural,61334.0,32139.016,6194.734,39683.098000000005,Urban,366858.0,100152.234,14307.462,355852.26
320,Assam,Nalbari,Rural,210706.0,128530.66,20017.07,134219.722,Urban,28238.0,12227.053999999998,2400.23,25442.438
321,Assam,Baksa,Rural,291641.0,187525.16299999997,32663.791999999998,112865.067,Urban,3579.9999999999995,1904.56,268.5,3368.7799999999997
322,Assam,Darrang,Rural,268517.0,154665.79200000002,47796.026000000005,127814.092,Urban,20189.0,6945.016,1736.254,18533.501999999997
323,Assam,Udalguri,Rural,267790.0,160406.21,28653.53,111132.85,Urban,13835.0,4883.754999999999,996.12,12423.83
324,West Bengal,Darjiling,Rural,303284.0,164379.928,24262.72,158617.532,Urban,215675.0,68368.97499999999,11430.775,187637.25
325,West Bengal,Jalpaiguri,Rural,798378.0,461462.48399999994,127740.48,296198.238,Urban,319426.0,118826.47200000002,33539.73,262887.598
326,West Bengal,Koch Bihar,Rural,803407.0,463565.839,101229.28199999999,447497.699,Urban,97331.0,32995.208999999995,7689.149,87889.893
327,West Bengal,Uttar Dinajpur,Rural,683981.0,396024.999,84813.644,140900.086,Urban,94269.0,37707.600000000006,13763.274000000001,75980.814
328,West Bengal,Dakshin Dinajpur,Rural,390949.0,225186.62399999998,46522.931,107510.97499999999,Urban,70077.0,24036.410999999996,6517.161,64190.53199999999
329,West Bengal,Maldah,Rural,830318.0,489887.62,93825.93400000001,210900.772,Urban,128678.0,62408.83,10680.274000000001,95607.754
330,West Bengal,Murshidabad,Rural,1501066.0,842098.0260000001,255181.22,520869.90200000006,Urban,350899.0,170186.01499999998,40704.284,216855.58199999997
331,West Bengal,Birbhum,Rural,831044.0,432142.88,129642.864,155405.228,Urban,134565.0,50192.745,12514.545000000002,82892.04000000001
332,West Bengal,Barddhaman,Rural,1364868.0,707001.624,128297.592,629204.148,Urban,862368.0,329424.57600000006,54329.184,616593.12
333,West Bengal,Nadia,Rural,1081381.0,582864.3589999999,168695.436,771024.6529999999,Urban,468389.99999999994,192976.68,49649.34,437007.86999999994
334,West Bengal,North Twenty Four Parganas,Rural,1209337.0,559923.031,238239.389,954166.8930000002,Urban,1649803.0,551034.2019999999,89089.362,1550814.8199999998
335,West Bengal,Hugli,Rural,992085.0,451398.675,116073.94499999999,596243.0850000001,Urban,647953.0,218360.16100000002,34341.509,575382.264
336,West Bengal,Bankura,Rural,900515.0,471869.86,105360.25499999999,148584.975,Urban,90885.0,35263.38,8088.765,54894.54
337,West Bengal,Puruliya,Rural,653219.0,409568.31299999997,48338.206,39846.359,Urban,99433.0,43253.355,6662.011,50611.397
338,West Bengal,Haora,Rural,483384.0,195287.136,67190.376,290997.168,Urban,869312.9999999999,305998.176,56505.344999999994,725876.355
339,West Bengal,Kolkata,,,,,,Urban,1308106.0,404204.75399999996,35318.862,1241392.594
340,West Bengal,South Twenty Four Parganas,Rural,1568802.0,782832.198,254145.924,862841.1,Urban,611430.0,235400.55000000002,49525.83,508098.32999999996
341,West Bengal,Paschim Medinipur,Rural,1364335.0,712182.8700000001,180092.22,571656.365,Urban,201048.0,65943.74399999999,16686.984,155209.056
342,West Bengal,Purba Medinipur,Rural,1193006.0,584572.94,215934.086,1021213.1359999999,Urban,170707.0,59406.03599999999,17241.407,141345.39599999998
343,Jharkhand,Garhwa,Rural,272872.0,170272.128,12552.111999999997,13370.728,Urban,19180.0,8535.1,1304.24,8880.34
344,Jharkhand,Chatra,Rural,200974.0,115560.05,9043.83,13264.284,Urban,14528.0,6740.992,595.6479999999999,9544.896
345,Jharkhand,Kodarma,Rural,116714.00000000001,61041.422,4901.988,8870.264000000001,Urban,34771.0,15542.637,1877.634,17489.813
346,Jharkhand,Giridih,Rural,452564.00000000006,242574.30400000003,14029.484000000002,26248.712,Urban,46886.0,17347.82,1594.124,28741.118
347,Jharkhand,Deoghar,Rural,257373.0,155968.038,13126.023,14155.515,Urban,64337.0,24062.038,2702.154,43942.171
348,Jharkhand,Godda,Rural,276454.0,173336.658,25433.767999999996,21839.866,Urban,15576.0,5731.967999999999,654.192,10108.824
349,Jharkhand,Sahibganj,Rural,223450.0,145465.94999999998,16311.85,20557.399999999998,Urban,37543.0,17457.495,2928.354,20385.849
350,Jharkhand,Pakur,Rural,200588.0,120152.212,14241.748,14642.924,Urban,16587.0,7746.129000000001,945.4590000000001,7712.955
351,Jharkhand,Dhanbad,Rural,258764.0,135074.808,12161.908,31569.207999999995,Urban,405455.0,180427.475,15812.745,240434.815
352,Jharkhand,Bokaro,Rural,250312.0,125906.93599999999,10262.792,16520.591999999997,Urban,258452.0,94851.884,8270.464,162049.404
353,Jharkhand,Lohardaga,Rural,96759.0,60474.375,2709.252,7063.407,Urban,14725.0,5330.450000000001,647.9000000000001,10381.125
354,Jharkhand,Purbi Singhbhum,Rural,262537.0,133893.87,15227.145999999999,35705.032,Urban,342126.0,88268.508,7868.898,276095.68200000003
355,Jharkhand,Palamu,Rural,355529.0,223272.212,22398.326999999997,26309.146,Urban,52375.0,21002.375,2828.25,30534.625
356,Jharkhand,Latehar,Rural,146377.0,84898.66,3220.2940000000003,10539.144,Urban,14137.0,5739.622,706.85,7888.446
357,Jharkhand,Hazaribagh,Rural,312983.0,151796.755,10328.438999999998,29107.419,Urban,68765.0,22761.215,2062.95,50542.275
358,Jharkhand,Ramgarh,Rural,134067.0,67167.56700000001,5094.546,14747.37,Urban,118558.0,47186.083999999995,4268.088,71134.79999999999
359,Jharkhand,Dumka,Rural,303697.0,194062.38299999997,18221.82,18829.214,Urban,23281.0,7799.135,1164.05,14946.402
360,Jharkhand,Jamtara,Rural,165555.0,103637.43,8112.195000000001,7284.42,Urban,20113.0,6737.855,663.7289999999999,12087.913
361,Jharkhand,Ranchi,Rural,420739.99999999994,231406.99999999997,12622.199999999999,55537.67999999999,Urban,310242.0,98656.956,12719.921999999999,245401.422
362,Jharkhand,Khunti,Rural,,,,,Urban,,,,
363,Jharkhand,Gumla,Rural,216629.0,137126.15699999998,6282.241,13864.256000000001,Urban,16445.0,6314.879999999999,822.25,11264.824999999999
364,Jharkhand,Simdega,Rural,144169.0,85924.724,4180.901,7064.281000000001,Urban,11114.0,4445.6,444.56,5934.876
365,Jharkhand,Pashchimi Singhbhum,Rural,336928.0,171496.352,13477.12,12466.336000000001,Urban,63396.0,23773.5,2852.82,37340.244
366,Jharkhand,Saraikela-Kharsawan,Rural,217248.0,116227.68000000001,7820.928,13903.872000000001,Urban,68439.0,25048.674,2326.926,44143.155
367,Odisha,Bargarh,Rural,411566.0,275337.65400000004,34983.11,50622.618,Urban,47395.0,22133.465,2227.565,25688.09
368,Odisha,Jharsuguda,Rural,103224.0,73805.16,6090.216,9703.056,Urban,73962.0,33652.71,4141.871999999999,39643.632
369,Odisha,Sambalpur,Rural,220696.99999999997,153825.80899999998,17214.365999999998,18979.942,Urban,94798.0,39056.776000000005,4929.496,56404.81
370,Odisha,Debagarh,Rural,91408.0,68556.0,12248.672,5393.072,Urban,7350.0,4579.05,404.25,3770.5499999999997
371,Odisha,Sundargarh,Rural,387911.0,294424.449,22498.838,32584.524,Urban,230151.00000000003,107940.819,10126.644000000002,150748.90500000003
372,Odisha,Kendujhar,Rural,490634.0,343443.8,42194.524,45628.96200000001,Urban,83664.0,40828.032,6442.128,42501.312
373,Odisha,Mayurbhanj,Rural,689110.0,499604.75,59263.46,103366.5,Urban,64479.0,28241.801999999996,5222.798999999999,41266.56
374,Odisha,Baleshwar,Rural,601154.0,373316.634,69733.864,136461.95799999998,Urban,82440.0,34789.68,5935.68,56059.2
375,Odisha,Bhadrak,Rural,373862.0,240393.26599999997,33273.718,59817.92,Urban,54244.00000000001,28586.588000000003,4014.0560000000005,28098.392
376,Odisha,Kendrapara,Rural,414749.0,236406.93,31106.175,65530.342,Urban,23494.0,10478.324,2067.472,13579.532
377,Odisha,Jagatsinghapur,Rural,309685.0,177449.50499999998,21987.635,68440.38500000001,Urban,43047.0,24622.884000000002,1592.7390000000003,19285.056
378,Odisha,Cuttack,Rural,579529.0,318740.95,58532.429,129814.49599999998,Urban,210767.99999999997,77141.088,13489.152,164399.03999999998
379,Odisha,Jajapur,Rural,495610.99999999994,286463.158,72359.20599999999,98626.58899999999,Urban,45528.0,19531.512,3186.96,27863.136
380,Odisha,Dhenkanal,Rural,315390.0,206580.45,36269.85,44785.38,Urban,36979.0,15457.222,2810.404,22113.442
381,Odisha,Anugul,Rural,340410.0,219224.04,40849.2,56848.469999999994,Urban,74177.0,28780.675999999996,4895.682,47473.28
382,Odisha,Nayagarh,Rural,261646.0,168238.378,31920.811999999998,41601.714,Urban,26688.0,12943.68,2028.2879999999998,14891.903999999999
383,Odisha,Khordha,Rural,331834.0,207064.416,28205.89,60725.622,Urban,356895.0,130623.56999999999,18201.644999999997,273381.56999999995
384,Odisha,Puri,Rural,402014.0,257690.97399999996,45025.568,62714.183999999994,Urban,72210.0,33505.44,4188.18,52929.93
385,Odisha,Ganjam,Rural,795476.0,490013.216,75570.22,151935.91600000003,Urban,219917.99999999997,87747.28199999999,11435.735999999999,143606.45399999997
386,Odisha,Gajapati,Rural,152095.0,101903.65000000001,8973.605000000001,19316.065,Urban,23050.0,9381.35,1152.5,13069.35
387,Odisha,Kandhamal,Rural,218446.0,150290.848,14417.436,13762.098,Urban,24489.0,11387.385,1567.296,13836.285
388,Odisha,Baudh,Rural,131377.0,98664.127,6174.719,11823.93,Urban,6577.0,3689.6969999999997,355.158,3374.0009999999997
389,Odisha,Subarnapur,Rural,176927.0,130925.98,12738.744,13977.233,Urban,16575.0,10177.05,961.35,6464.25
390,Odisha,Balangir,Rural,476770.0,327064.22,33373.9,48153.77,Urban,62191.99999999999,29168.048,4229.056,36133.551999999996
391,Odisha,Nuapada,Rural,197258.0,143801.082,9468.384,25051.765999999996,Urban,11869.0,6254.963000000001,771.485,5744.596
392,Odisha,Kalahandi,Rural,456335.99999999994,320804.208,42895.583999999995,37419.551999999996,Urban,38412.0,18360.935999999998,2650.4280000000003,22586.255999999998
393,Odisha,Rayagada,Rural,237342.99999999997,165428.071,13528.551,15664.637999999997,Urban,49205.0,17615.39,2115.815,29769.025
394,Odisha,Nabarangapur,Rural,342840.0,237588.12,15084.960000000001,19884.72,Urban,29424.0,15123.936,1441.776,15712.416
395,Odisha,Koraput,Rural,381789.0,250835.373,20234.817,31306.697999999997,Urban,78339.0,30473.871,4386.9839999999995,50842.011000000006
396,Odisha,Malkangiri,Rural,167884.0,112985.93199999999,12423.416,10073.039999999999,Urban,15838.999999999998,7238.423,1330.4759999999999,7555.2029999999995
397,Chhattisgarh,Koriya,Rural,121852.0,61535.26,2680.744,10357.42,Urban,59763.0,22411.125,776.919,35439.458999999995
398,Chhattisgarh,Surguja,Rural,,,,,Urban,65166.99999999999,19159.097999999998,1042.672,39947.371
399,Chhattisgarh,Jashpur,Rural,,,,,Urban,20722.0,7832.915999999999,248.664,8744.684000000001
400,Chhattisgarh,Raigarh,Rural,354278.0,203355.57200000001,17005.344,46056.14,Urban,66638.0,25189.163999999997,1999.1399999999999,38183.574
401,Chhattisgarh,Korba,Rural,206598.0,112389.31199999999,6611.136,24585.162,Urban,126055.0,37438.335,2016.88,73868.23
402,Chhattisgarh,Janjgir - Champa,Rural,379583.0,223953.97,21256.647999999997,41754.13,Urban,61190.0,26801.219999999998,2325.22,27168.359999999997
403,Chhattisgarh,Bilaspur,Rural,549632.0,324832.512,28580.863999999998,91238.912,Urban,188174.0,67930.814,5833.394,123630.318
404,Chhattisgarh,Kabeerdham,Rural,187311.0,114072.39899999999,11613.282,16857.989999999998,Urban,23868.0,8759.556,1217.268,11814.66
405,Chhattisgarh,Rajnandgaon,Rural,313604.0,149589.108,10662.536,58016.74,Urban,76528.0,25101.183999999997,1913.1999999999998,40712.896
406,Chhattisgarh,Durg,Rural,533448.0,279526.752,26672.399999999998,74682.72,Urban,349741.0,103523.336,7694.302000000001,218937.866
407,Chhattisgarh,Raipur,Rural,673499.0,383894.43,39736.441,86881.371,Urban,395001.0,118895.301,11455.029,256750.65000000002
408,Chhattisgarh,Mahasamund,Rural,274793.0,164875.8,12640.478,41768.53599999999,Urban,35774.0,14738.888,1466.734,17922.774
409,Chhattisgarh,Dhamtari,Rural,168689.0,92947.63900000001,7084.938000000001,40822.738000000005,Urban,41792.0,16382.464000000002,1462.72,22400.512000000002
410,Chhattisgarh,Uttar Bastar Kanker,Rural,169191.0,78673.815,5075.7300000000005,25040.268000000004,Urban,24878.0,9403.884,796.096,15150.702
411,Chhattisgarh,Bastar,Rural,316425.0,165173.85,10758.449999999999,43983.075000000004,Urban,54894.00000000001,19432.476000000002,1591.9260000000002,33485.340000000004
412,Chhattisgarh,Narayanpur,Rural,26916.000000000004,15503.616000000002,1184.3040000000003,1103.556,Urban,6179.0,3416.9869999999996,135.93800000000002,2731.118
413,Chhattisgarh,Dakshin Bastar Dantewada,Rural,106545.0,53379.045000000006,3409.4400000000005,7671.240000000001,Urban,31304.000000000004,11050.312,907.816,15589.392
414,Chhattisgarh,Bijapur,Rural,50449.0,28503.685,2118.858,1362.123,Urban,7942.0,4860.504,246.202,2231.702
415,Madhya Pradesh,Sheopur,Rural,150146.0,90688.184,7957.738,8708.468,Urban,26376.0,10708.656,844.032,15087.072
416,Madhya Pradesh,Morena,Rural,319298.0,170824.43,16603.496,21392.966,Urban,95288.0,34017.816000000006,2001.048,70322.544
417,Madhya Pradesh,Bhind,Rural,271211.0,139944.87600000002,12475.706,25222.623000000003,Urban,88385.0,35972.69500000001,2209.625,59483.104999999996
418,Madhya Pradesh,Gwalior,Rural,172720.0,83078.32,7772.400000000001,29880.56,Urban,272172.0,73214.268,5443.44,236789.63999999998
419,Madhya Pradesh,Datia,Rural,160453.0,74931.551,4332.231,18131.189000000002,Urban,43401.0,15103.547999999999,1302.03,27386.031
420,Madhya Pradesh,Shivpuri,Rural,367859.0,199747.437,15450.078000000001,20600.104,Urban,66759.0,21029.085000000003,1869.252,43860.663
421,Madhya Pradesh,Tikamgarh,Rural,322772.0,144279.084,9360.387999999999,12588.107999999998,Urban,60220.00000000001,19812.38,1625.9400000000003,27219.440000000002
422,Madhya Pradesh,Chhatarpur,Rural,375869.0,169892.788,9772.594000000001,19545.188000000002,Urban,95048.0,27658.968,1520.768,55032.792
423,Madhya Pradesh,Panna,Rural,256744.0,121953.40000000001,7702.32,12837.2,Urban,32179.000000000004,11584.44,740.117,17312.302
424,Madhya Pradesh,Sagar,Rural,448408.0,231378.528,21075.176,50221.695999999996,Urban,165507.0,53127.747,4137.675,107083.029
425,Madhya Pradesh,Damoh,Rural,303387.0,164132.367,15169.349999999999,17899.833,Urban,66514.0,22681.274,1928.906,37380.868
426,Madhya Pradesh,Satna,Rural,461831.00000000006,181037.75200000004,10160.282000000001,105297.46800000001,Urban,114173.0,26716.482,2625.979,69074.66500000001
427,Madhya Pradesh,Rewa,Rural,523910.00000000006,181796.77000000002,11002.11,93255.98000000001,Urban,94489.0,20598.602,2267.736,56220.955
428,Madhya Pradesh,Umaria,Rural,138100.0,65183.200000000004,5800.2,8009.8,Urban,29966.000000000004,8480.378,629.2860000000001,16541.232000000004
429,Madhya Pradesh,Neemuch,Rural,174235.0,80670.805,4878.579999999999,22999.019999999997,Urban,67962.0,18757.512000000002,951.468,43223.832
430,Madhya Pradesh,Mandsaur,Rural,302287.0,150236.639,6952.601,40204.171,Urban,81832.0,24140.440000000002,1391.144,55809.424000000006
431,Madhya Pradesh,Ratlam,Rural,266716.0,153895.132,9335.06,35739.943999999996,Urban,107151.0,29466.525,1500.1139999999998,88721.02799999999
432,Madhya Pradesh,Ujjain,Rural,300765.0,165119.98500000002,11429.07,53836.935,Urban,188684.0,56793.884,3584.9959999999996,157739.824
433,Madhya Pradesh,Shajapur,Rural,312611.0,177250.437,13754.884000000002,41889.874,Urban,73997.0,23753.037,1775.928,49355.999
434,Madhya Pradesh,Dewas,Rural,274995.0,134747.55,17049.69,59673.91499999999,Urban,101014.0,30809.27,2626.364,78083.822
435,Madhya Pradesh,Dhar,Rural,412347.99999999994,232976.61999999997,19380.356,79170.81599999999,Urban,103364.00000000001,31732.748000000003,3100.92,78970.09600000002
436,Madhya Pradesh,Indore,Rural,200371.0,82953.594,9217.065999999999,83153.965,Urban,587947.0,136991.651,15874.569000000001,530916.1410000001
437,Madhya Pradesh,Khargone (West Nimar),Rural,383543.0,218235.96699999998,24163.209,49860.59,Urban,76620.0,22602.9,2451.84,56545.56
438,Madhya Pradesh,Barwani,Rural,250358.0,150715.516,13018.616,25786.874,Urban,48912.0,18293.088,2005.3919999999998,32330.832
439,Madhya Pradesh,Rajgarh,Rural,331894.0,200463.976,21573.11,25887.732,Urban,69823.0,24926.811,2234.3360000000002,42592.03
440,Madhya Pradesh,Vidisha,Rural,292579.0,132245.708,8777.369999999999,33646.585,Urban,83830.0,25651.98,1760.43,59938.45
441,Madhya Pradesh,Bhopal,Rural,118893.0,55404.138000000006,5112.399,25561.995000000003,Urban,581826.0,175129.62600000002,15127.476,488152.014
442,Madhya Pradesh,Sehore,Rural,270427.0,117906.172,17848.182,58682.659,Urban,59220.00000000001,18535.86,1480.5,46843.02
443,Madhya Pradesh,Raisen,Rural,251271.99999999997,116590.20799999998,18091.584,46485.32,Urban,74441.0,27096.523999999998,2977.64,53597.52
444,Madhya Pradesh,Betul,Rural,318945.0,145438.91999999998,15309.359999999999,41143.905,Urban,87704.0,26574.311999999998,2631.12,62796.06399999999
445,Madhya Pradesh,Harda,Rural,112714.00000000001,47565.308000000005,8678.978000000001,43169.462,Urban,31845.0,8438.925,1401.18,25253.085
446,Madhya Pradesh,Hoshangabad,Rural,209650.0,92036.34999999999,21384.3,70861.7,Urban,105746.0,30349.102,3595.364,85231.276
447,Madhya Pradesh,Katni,Rural,276151.0,128410.21500000001,12150.644000000002,23748.986,Urban,72880.0,20843.68,1749.12,47955.03999999999
448,Madhya Pradesh,Jabalpur,Rural,272284.0,125795.20800000001,15520.188000000002,72972.11200000001,Urban,352477.0,103628.238,10221.833,282686.554
449,Madhya Pradesh,Narsimhapur,Rural,230659.0,112792.251,22604.582000000002,63431.225000000006,Urban,53059.0,17880.883,3130.481,38096.362
450,Madhya Pradesh,Dindori,Rural,218021.0,111626.75200000001,5886.567000000001,8066.777000000001,Urban,9774.0,3684.7980000000002,537.5699999999999,5405.021999999999
451,Madhya Pradesh,Mandla,Rural,279674.0,120819.168,12025.981999999998,18738.158,Urban,37258.0,10655.788,1490.32,24254.957999999995
452,Madhya Pradesh,Chhindwara,Rural,413142.0,207810.42599999998,21070.242,50816.466,Urban,140802.0,47168.67,5209.674,93351.726
453,Madhya Pradesh,Seoni,Rural,335045.0,151105.29499999998,16417.205,50926.84,Urban,47542.0,13169.134,1663.97,35133.538
454,Madhya Pradesh,Balaghat,Rural,400074.0,153228.34199999998,21603.996,46808.657999999996,Urban,70793.0,20813.141999999996,2406.962,44670.382999999994
455,Madhya Pradesh,Guna,Rural,212765.0,104680.38,6170.185,15744.61,Urban,72320.0,24299.520000000004,2386.56,43102.72
456,Madhya Pradesh,Ashoknagar,Rural,169606.0,74626.64,4579.362,11872.42,Urban,37135.0,14037.03,631.2950000000001,20907.005
457,Madhya Pradesh,Shahdol,Rural,233594.0,103248.54800000001,6774.226,17753.144,Urban,57846.0,16891.032,1561.842,36847.902
458,Madhya Pradesh,Anuppur,Rural,,,,,Urban,,,,
459,Madhya Pradesh,Sidhi,Rural,250953.00000000003,95864.04600000002,4768.107,10289.073,Urban,25916.000000000004,6945.488000000001,388.74,12698.840000000002
460,Madhya Pradesh,Singrauli,Rural,228732.00000000003,101557.008,4345.908,5032.104000000001,Urban,58592.99999999999,15878.703,1523.418,30526.952999999998
461,Madhya Pradesh,Jhabua,Rural,211080.00000000003,132136.08000000002,10765.08,12242.640000000001,Urban,24713.0,6301.815,444.834,18979.584
462,Madhya Pradesh,Alirajpur,Rural,135866.0,84372.78600000001,5434.64,6793.3,Urban,14662.0,4369.276,381.21200000000005,11040.486
463,Madhya Pradesh,Khandwa (East Nimar),Rural,265663.0,139207.412,21253.04,46225.362,Urban,63425.0,19725.175,2790.7000000000003,43953.525
464,Madhya Pradesh,Burhanpur,Rural,115979.0,56133.835999999996,7422.656,21456.114999999998,Urban,62861.0,26213.037000000004,2451.579,43122.646
465,Gujarat,Kachchh,Rural,488293.0,124026.422,5371.223000000001,240240.15600000002,Urban,250982.00000000003,53710.148,2509.82,220613.178
466,Gujarat,Banas Kantha,Rural,666773.0,258707.92399999997,26670.92,114018.183,Urban,137424.0,32706.912,2061.36,107190.72
467,Gujarat,Patan,Rural,301483.0,112453.15899999999,11456.354,108232.397,Urban,102655.0,26177.024999999998,1539.8249999999998,84587.72
468,Gujarat,Mahesana,Rural,476005.0,156129.63999999998,12376.130000000001,211346.22,Urban,183738.0,40054.884000000005,2388.594,156177.30000000002
469,Gujarat,Sabar Kantha,Rural,544024.0,223593.864,11424.504,169191.464,Urban,121508.99999999999,32928.939,1944.144,93197.40299999999
470,Gujarat,Gandhinagar,Rural,237623.99999999997,86970.38399999999,5465.351999999999,101703.07199999999,Urban,195634.0,47734.695999999996,2543.242,158072.272
471,Gujarat,Ahmadabad,Rural,353169.0,143033.445,7063.38,116192.601,Urban,1845383.0000000002,441046.537,11072.298,1699597.743
472,Gujarat,Surendranagar,Rural,340788.0,124046.832,7838.124,70883.90400000001,Urban,159810.0,38034.78,2237.3399999999997,111867.0
473,Gujarat,Rajkot,Rural,459474.0,130490.616,6892.11,202168.56,Urban,721532.0,158015.50799999997,7936.852000000001,624125.1799999999
474,Gujarat,Jamnagar,Rural,347158.0,104494.558,5554.528,120810.98399999998,Urban,299167.0,68808.41,2991.67,250701.946
475,Gujarat,Porbandar,Rural,96015.0,29188.559999999998,2208.345,37541.865,Urban,87557.0,21539.022,1138.2410000000002,67769.118
476,Gujarat,Junagadh,Rural,489237.0,159980.499,8317.029,225049.02,Urban,287506.0,68713.934,4025.084,246392.642
477,Gujarat,Amreli,Rural,313714.0,90663.34599999999,5333.138,163444.994,Urban,116899.0,28874.053,1168.99,91648.816
478,Gujarat,Bhavnagar,Rural,387251.0,128567.33200000002,5808.765,124307.57100000001,Urban,356826.0,91704.282,3925.0860000000007,291170.016
479,Gujarat,Anand,Rural,413078.0,170601.21399999998,8674.637999999999,170601.21399999998,Urban,208909.0,54525.249,2715.8170000000005,173394.47
480,Gujarat,Kheda,Rural,461479.0,194744.138,11536.975,117215.666,Urban,160547.0,40136.75,2408.205,126029.395
481,Gujarat,Panch Mahals,Rural,463363.0,233534.952,12047.438,78771.71,Urban,104238.00000000001,25434.072,1146.6180000000002,87664.15800000001
482,Gujarat,Dohad,Rural,323697.0,192599.715,6797.637,19745.516999999996,Urban,52807.00000000001,12462.452000000001,580.8770000000001,37915.426
483,Gujarat,Vadodara,Rural,547454.0,251828.84,10949.08,156024.38999999998,Urban,692971.0,137901.229,5543.768,636840.349
484,Gujarat,Narmada,Rural,138121.0,60635.119,1795.573,22099.36,Urban,22248.0,7497.576,422.712,16619.256
485,Gujarat,Bharuch,Rural,300677.0,114858.614,4510.155,137710.066,Urban,181319.0,36626.438,1087.914,162099.18600000002
486,Gujarat,The Dangs,Rural,52102.0,18913.025999999998,573.1220000000001,13181.806,Urban,7516.0,2014.288,52.611999999999995,4344.248
487,Gujarat,Navsari,Rural,267739.0,92369.955,3748.3459999999995,119143.855,Urban,141417.0,28283.4,1272.7530000000002,121194.369
488,Gujarat,Valsad,Rural,262410.0,104176.77,3411.33,72425.16,Urban,235981.0,58051.326,2123.829,179345.56
489,Gujarat,Surat,Rural,369840.0,114280.56,4438.08,184550.16,Urban,1529998.0,302939.604,7649.99,1435138.1239999998
490,Gujarat,Tapi,Rural,192272.0,69794.73599999999,1922.72,44222.56,Urban,26217.0,7812.666000000001,209.73600000000002,20318.175000000003
491,Daman & Diu,Diu,Rural,9788.0,1243.0759999999998,29.363999999999997,4238.204,Urban,9062.0,969.634,18.124000000000002,6769.314
492,Daman & Diu,Daman,Rural,10006.0,2641.584,90.054,5733.438,Urban,61073.0,22658.083000000002,366.438,53011.364
493,Dadra & Nagar Haveli,Dadra & Nagar Haveli,Rural,48221.0,21940.555,385.76800000000003,12778.564999999999,Urban,60562.0,12596.896,121.12400000000001,49236.905999999995
494,Maharashtra,Nandurbar,Rural,333440.0,163052.16,13004.16,74357.12000000001,Urban,71572.0,20899.024,2361.8759999999997,45448.22
495,Maharashtra,Dhule,Rural,382777.0,143158.598,13014.418,71579.299,Urban,146013.0,33144.951,2336.208,95346.489
496,Maharashtra,Jalgaon,Rural,796223.0,309730.747,43792.265,179946.39800000002,Urban,373565.0,101236.115,6350.605,242443.68500000003
497,Maharashtra,Buldana,Rural,575405.0,269864.945,38552.135,167442.855,Urban,152787.0,52558.727999999996,5347.545,93047.283
498,Maharashtra,Akola,Rural,308158.0,146375.05,21879.217999999997,95220.822,Urban,196077.0,66274.026,7254.849,141763.671
499,Maharashtra,Washim,Rural,274925.0,127290.275,18419.975000000002,75604.375,Urban,55921.0,19963.797000000002,1453.9460000000001,37634.833
500,Maharashtra,Amravati,Rural,508921.0,226978.766,33588.786,209166.53100000002,Urban,272894.0,85415.822,7913.9259999999995,214494.68399999998
501,Maharashtra,Wardha,Rural,268486.0,117328.38200000001,25506.170000000002,126725.392,Urban,120218.0,28852.32,4448.066000000001,94250.91200000001
502,Maharashtra,Nagpur,Rural,430843.99999999994,168029.15999999997,35760.052,198619.08399999997,Urban,877521.9999999999,207972.71399999998,24570.615999999998,789769.7999999999
503,Maharashtra,Bhandara,Rural,283843.0,123755.548,22991.283,158384.39399999997,Urban,72575.0,18143.75,2467.5499999999997,61180.725
504,Maharashtra,Gondiya,Rural,319702.0,128839.90599999999,16624.504,151858.45,Urban,66813.0,18039.51,2204.8289999999997,51646.449
505,Maharashtra,Gadchiroli,Rural,293586.0,125067.63600000001,25541.982,65176.092000000004,Urban,37254.0,10058.58,1490.16,24550.386000000002
506,Maharashtra,Chandrapur,Rural,451324.0,186396.81199999998,50548.28799999999,131335.284,Urban,233331.0,58799.412,7933.254,167298.327
507,Maharashtra,Yavatmal,Rural,629243.0,295114.967,50968.683,137174.97400000002,Urban,168889.0,49484.477000000006,6586.671,115182.29800000001
508,Maharashtra,Nanded,Rural,591119.0,302652.928,46107.282,113494.84799999998,Urban,230563.0,80697.05,9222.52,168772.116
509,Maharashtra,Hingoli,Rural,242456.0,113226.952,14547.36,65220.664,Urban,41913.0,16220.331,1299.303,27536.841
510,Maharashtra,Parbhani,Rural,293480.0,138816.04,24358.840000000004,39032.840000000004,Urban,133759.0,47885.721999999994,5885.396,89484.77100000001
511,Maharashtra,Jalna,Rural,404746.0,165945.86000000002,27927.474000000002,118185.832,Urban,98084.0,35800.66,3040.6040000000003,68854.96800000001
512,Maharashtra,Aurangabad,Rural,551789.0,219060.23300000004,44143.12,109254.22200000001,Urban,427343.0,96579.51800000001,5982.802,373497.78200000006
513,Maharashtra,Nashik,Rural,904661.0,312108.04500000004,50661.016,265065.673,Urban,764271.0,185717.853,19106.775,528111.2609999999
514,Maharashtra,Thane,Rural,713994.0,262749.79199999996,41411.651999999995,283455.618,Urban,2904157.0,630202.069,31945.727000000003,2163596.965
515,Maharashtra,Mumbai Suburban,,,,,,Urban,3078829.0,834362.6590000001,43103.606,1684119.4630000002
516,Maharashtra,Mumbai,,,,,,Urban,1107321.0,290118.10199999996,16609.815,741905.07
517,Maharashtra,Raigarh,Rural,581868.0,164668.644,20947.248000000003,296170.81200000003,Urban,377160.0,66757.31999999999,4148.76,305499.6
518,Maharashtra,Pune,Rural,1165718.0,278606.602,57120.18200000001,720413.7239999999,Urban,2056739.0,429858.45099999994,26737.607,1655674.895
519,Maharashtra,Ahmadnagar,Rural,1041393.0,318666.25800000003,77063.08200000001,407184.663,Urban,282011.0,65144.541000000005,7050.275000000001,207560.096
520,Maharashtra,Bid,Rural,563114.0,230876.74000000002,45049.12,86719.55600000001,Urban,135457.0,41720.756,3928.2529999999997,93600.78699999998
521,Maharashtra,Latur,Rural,428616.0,171875.016,24431.112,106296.768,Urban,157016.0,48046.89600000001,4082.416,122315.46400000002
522,Maharashtra,Osmanabad,Rural,367158.0,140254.356,22763.796,81509.076,Urban,77832.0,24594.912000000004,2179.296,44986.896
523,Maharashtra,Solapur,Rural,779929.0,230858.984,60834.462,250357.209,Urban,376302.0,115901.016,7149.737999999999,229167.918
524,Maharashtra,Satara,Rural,774522.0,215317.116,41049.666,542939.922,Urban,200949.0,41596.443,5425.6230000000005,151515.546
525,Maharashtra,Ratnagiri,Rural,538538.0,154560.406,22080.057999999997,361897.536,Urban,100824.0,16736.784000000003,1915.656,82675.68000000001
526,Maharashtra,Sindhudurg,Rural,295847.0,81653.772,13608.961999999998,220110.168,Urban,44989.0,10707.382,1349.67,39050.452
527,Maharashtra,Kolhapur,Rural,796496.0,193548.52800000002,15929.92,592593.0240000001,Urban,382818.0,84985.59599999999,4593.816,285965.046
528,Maharashtra,Sangli,Rural,626872.0,171762.92799999999,31970.471999999998,379257.56,Urban,226801.00000000003,57380.653000000006,5443.224,175997.576
529,Telangana,Adilabad,Rural,597466.0,213295.36200000002,38835.29,82450.308,Urban,220248.0,51758.28,6166.9439999999995,155715.336
530,Telangana,Nizamabad,Rural,565165.0,179722.47,24302.094999999998,166158.50999999998,Urban,155133.0,39403.782,3412.926,132638.715
531,Telangana,Karimnagar,Rural,877236.0,284224.464,44739.036,300014.71200000006,Urban,288044.0,60489.24,5184.792,243109.13600000003
532,Telangana,Medak,Rural,593653.0,205403.938,26120.732,188781.654,Urban,195479.0,37922.926,2345.748,165375.234
533,Telangana,Hyderabad,,,,,,Urban,1066289.0,203661.199,9596.601,1050294.665
534,Telangana,Rangareddy,Rural,432097.99999999994,110184.98999999999,9506.155999999999,187962.62999999998,Urban,1129224.0,182934.288,7904.567999999999,1084055.04
535,Telangana,Mahbubnagar,Rural,848962.9999999999,261480.604,52635.706,151964.37699999998,Urban,161052.0,30599.88,2737.884,125781.612
536,Telangana,Nalgonda,Rural,833504.0000000001,285058.3680000001,49176.73600000001,265887.776,Urban,197433.0,47976.219,3356.361,160315.596
537,Telangana,Warangal,Rural,758738.0,294390.344,64492.73,225345.186,Urban,288249.0,68315.01299999999,8359.221,237517.176
538,Telangana,Khammam,Rural,669262.0,226879.818,34801.624,250303.98799999998,Urban,201363.0,45508.03800000001,4429.986000000001,171964.002
539,Andhra Pradesh,Srikakulam,Rural,752752.0,241633.39200000002,26346.32,96352.25600000001,Urban,149684.0,32032.375999999997,2544.6279999999997,98641.75600000001
540,Andhra Pradesh,Vizianagaram,Rural,592458.0,183069.522,19551.113999999998,63393.005999999994,Urban,157056.0,31411.199999999997,2984.064,104285.18400000001
541,Andhra Pradesh,Visakhapatnam,Rural,718847.0,213497.559,23003.104000000003,153833.258,Urban,660493.0,112283.81,7265.423000000001,551511.655
542,Andhra Pradesh,East Godavari,Rural,1199479.0,364641.61600000004,46779.681000000004,563755.13,Urban,406362.0,84929.658,6908.1539999999995,354754.02599999995
543,Andhra Pradesh,West Godavari,Rural,1007254.9999999999,302176.5,48348.24,593273.195,Urban,248373.0,52406.703,5464.206,220306.851
544,Andhra Pradesh,Krishna,Rural,909292.0,280061.936,40008.848000000005,511022.10400000005,Urban,567042.0,113975.44200000001,9639.714,527349.06
545,Andhra Pradesh,Guntur,Rural,1069877.0,331661.87,44934.834,497492.805,Urban,513113.0,112371.74699999999,9749.146999999999,442816.519
546,Andhra Pradesh,Prakasam,Rural,873486.0,260298.82800000004,36686.412000000004,244576.08000000002,Urban,214089.0,45386.867999999995,4281.78,165704.886
547,Andhra Pradesh,Sri Potti Sriramulu Nellore,Rural,689137.0,192269.223,29632.891,175729.935,Urban,264376.0,43886.416000000005,5023.144,208328.288
548,Andhra Pradesh,Y.S.R.,Rural,590589.0,129338.991,15355.314000000002,167727.276,Urban,293504.0,54591.744000000006,3228.5440000000003,232161.664
549,Andhra Pradesh,Kurnool,Rural,783853.0,211640.31,25867.148999999998,216343.428,Urban,306982.0,64466.22,4297.748,223175.91400000002
550,Andhra Pradesh,Anantapur,Rural,902996.9999999999,195950.349,26186.912999999997,198659.34,Urban,341431.0,71359.079,4438.603,260170.422
551,Andhra Pradesh,Chittoor,Rural,,,,,Urban,395900.0,58197.299999999996,4750.8,322658.5
552,Karnataka,Belgaum,Rural,962777.0,370669.145,45250.519,178113.745,Urban,356198.0,90830.49,6767.762,257887.352
553,Karnataka,Bagalkot,Rural,324799.0,139338.77099999998,16889.548,23385.528,Urban,165858.0,54567.28199999999,6136.746,70489.65
554,Karnataka,Bijapur,Rural,396449.0,165319.233,26958.532,19822.449999999997,Urban,131041.00000000001,36298.357,3800.1890000000003,77969.395
555,Karnataka,Bidar,Rural,287134.0,162804.978,14356.7,25267.792000000005,Urban,102269.0,30680.7,3068.07,69645.189
556,Karnataka,Raichur,Rural,330446.0,142752.67200000002,23461.665999999997,33044.6,Urban,125402.0,38749.218,4514.472,63202.608
557,Karnataka,Koppal,Rural,272968.0,107549.39199999999,14194.336,32756.159999999996,Urban,64680.99999999999,17269.826999999997,2393.197,31305.603999999996
558,Karnataka,Gadag,Rural,180066.0,75267.588,9183.366,16566.072,Urban,111906.0,39950.442,3804.8039999999996,47336.238
559,Karnataka,Dharwad,Rural,199707.0,80681.628,7788.572999999999,46132.317,Urban,283397.0,82185.12999999999,5667.94,232385.53999999998
560,Karnataka,Uttara Kannada,Rural,334281.0,160789.161,21393.984,169146.18600000002,Urban,140511.0,52410.602999999996,4496.352,113251.86599999998
561,Karnataka,Haveri,Rural,315076.0,141469.124,15753.800000000001,88851.432,Urban,98488.0,29447.912,2856.152,68646.136
562,Karnataka,Bellary,Rural,371604.0,148269.99599999998,20066.616,44964.083999999995,Urban,251876.00000000003,72540.28800000002,7556.280000000001,159941.26
563,Karnataka,Chitradurga,Rural,349704.0,157366.8,20632.536,66793.464,Urban,97644.0,30953.148,1952.88,72158.91600000001
564,Karnataka,Davanagere,Rural,354680.0,163507.48,20571.44,105694.64000000001,Urban,176011.0,54035.37699999999,4928.307999999999,142392.899
565,Karnataka,Shimoga,Rural,352444.0,161419.35199999998,25728.412,217810.392,Urban,201662.0,64935.164000000004,6453.184,176857.574
566,Karnataka,Udupi,Rural,269817.0,93086.865,11332.314,225567.012,Urban,115572.0,28893.0,2427.012,110949.12
567,Karnataka,Chikmagalur,Rural,311660.0,141805.3,17141.3,168608.06,Urban,80766.0,24633.629999999997,2342.214,72204.804
568,Karnataka,Tumkur,Rural,685443.0,280346.187,39755.694,125436.069,Urban,204799.0,57138.920999999995,5119.975,168959.175
569,Karnataka,Bangalore,Rural,300576.0,86565.888,7514.400000000001,224830.848,Urban,2967384.0,590509.416,32641.224000000002,2872427.712
570,Karnataka,Mandya,Rural,458867.0,202819.214,20649.015,126188.425,Urban,103434.99999999999,31961.414999999997,3206.4849999999997,88850.665
571,Karnataka,Hassan,Rural,496103.0,241602.161,30758.386,132459.501,Urban,132878.0,39464.765999999996,3189.0719999999997,119457.322
572,Karnataka,Dakshina Kannada,Rural,332919.0,135830.952,12318.003,293301.63899999997,Urban,317373.0,83469.099,5077.968000000001,309756.048
573,Karnataka,Kodagu,Rural,181182.0,72472.8,8334.372,142771.416,Urban,31792.0,10618.528,1017.344,30838.24
574,Karnataka,Mysore,Rural,540596.0,259486.08000000002,28651.588,145960.92,Urban,380386.0,108410.01000000001,8368.492,358323.612
575,Karnataka,Chamarajanagar,Rural,262680.0,124773.00000000001,18387.600000000002,40452.72,Urban,57200.0,21392.8,2574.0,36779.6
576,Karnataka,Gulbarga,Rural,400704.0,173905.536,14826.048,18031.68,Urban,199303.0,57399.264,2989.545,135924.646
577,Karnataka,Yadgir,Rural,207787.0,106386.944,11428.285,8934.840999999999,Urban,55208.00000000001,18991.552,1601.0320000000002,22193.616
578,Karnataka,Kolar,Rural,326567.0,133565.903,16654.916999999998,83274.585,Urban,151042.0,47729.272000000004,2416.672,121135.68400000001
579,Karnataka,Chikkaballapura,Rural,315649.0,120893.56699999998,15466.801,72599.26999999999,Urban,94053.0,26240.786999999997,1504.848,79286.67899999999
580,Karnataka,Bangalore Rural,Rural,231052.0,84333.98,8548.924,174444.26,Urban,95410.0,27764.31,1621.97,87109.33
581,Karnataka,Ramanagara,Rural,266950.0,116123.25,18152.6,74746.0,Urban,84834.0,29013.228000000003,2714.688,75078.09
582,Goa,North Goa,Rural,115858.99999999999,26647.57,2085.462,79595.133,Urban,209230.00000000003,41009.08000000001,2301.53,178473.19
583,Goa,South Goa,Rural,88620.0,20737.079999999998,1772.4,65401.56,Urban,162873.0,39741.011999999995,2443.0950000000003,138767.796
584,Lakshadweep,LAKSHADWEEP,Rural,5289.0,2161.0854,92.0286,5186.3934,Urban,15953.0,2284.4696,76.5744,15587.6763
585,Kerala,Kasaragod,Rural,251641.0,80273.47899999999,19124.715999999997,223457.20799999998,Urban,166164.0,30740.34,4486.428000000001,160514.424
586,Kerala,Kannur,Rural,306288.0,95255.56800000001,18989.856,294955.344,Urban,566191.0,109841.05399999999,11890.011,557698.135
587,Kerala,Wayanad,Rural,266183.0,94228.78199999999,23956.47,244089.811,Urban,11805.0,4722.0,649.275,11250.164999999999
588,Kerala,Kozhikode,Rural,323793.0,87747.903,21370.337999999996,314079.20999999996,Urban,666543.0,128642.79900000001,23995.548000000003,654545.226
589,Kerala,Malappuram,Rural,634543.0,175133.86800000002,26650.806000000004,612333.995,Urban,522585.99999999994,111310.818,13064.65,514747.20999999996
590,Kerala,Palakkad,Rural,665899.0,235728.24599999998,35958.546,587322.918,Urban,228442.0,64192.202000000005,7538.586,216791.458
591,Kerala,Thrissur,Rural,336748.0,118535.29600000002,17174.147999999997,326308.81200000003,Urban,715119.0,203808.91499999998,29319.878999999997,702961.977
592,Kerala,Ernakulam,Rural,369694.0,109429.42400000001,18484.7,358233.48600000003,Urban,804997.0,179514.331,24954.907000000003,791312.051
593,Kerala,Idukki,Rural,391610.0,172700.01,32503.63,347358.07,Urban,20823.0,4893.405,291.522,20677.238999999998
594,Kerala,Kottayam,Rural,481967.0,168688.45,22170.482,462688.32,Urban,196194.0,51991.41,5101.044,192662.508
595,Kerala,Alappuzha,Rural,331419.0,99094.281,25519.263000000003,301259.87100000004,Urban,392117.0,104695.239,25487.605,371334.799
596,Kerala,Pathanamthitta,Rural,414992.0,125327.584,20334.608,388847.504,Urban,57848.0,13709.976,1619.744,55534.08
597,Kerala,Kollam,Rural,523714.99999999994,156590.78499999997,39278.625,487054.94999999995,Urban,401415.0,97945.26,22077.825,386964.06000000006
598,Kerala,Thiruvananthapuram,Rural,559293.0,191278.20600000003,57047.886,513990.26700000005,Urban,609824.0,157944.416,37199.263999999996,587260.512
599,Tamil Nadu,Thiruvallur,Rural,387237.0,125464.78799999999,12778.820999999998,109588.071,Urban,732196.0,132527.47600000002,7321.96,650190.048
600,Tamil Nadu,Chennai,,,,,,Urban,1314125.0,228657.74999999997,11827.125,1256303.5
601,Tamil Nadu,Kancheepuram,Rural,438799.0,139099.283,10092.376999999999,128568.107,Urban,774705.0,136348.08000000002,6197.64,663147.48
602,Tamil Nadu,Vellore,Rural,653499.0,181672.722,15030.476999999999,125471.80799999999,Urban,486801.0,102228.21,7302.015,346602.31200000003
603,Tamil Nadu,Tiruvannamalai,Rural,563102.0,163299.58000000002,12951.346,70387.75,Urban,147061.0,27500.406999999996,1911.793,95736.71099999998
604,Tamil Nadu,Viluppuram,Rural,808042.0,290895.12,16160.84,106661.544,Urban,159272.0,37906.736000000004,2389.08,104482.43199999999
605,Tamil Nadu,Salem,Rural,572813.0,184445.78600000002,13174.698999999999,83630.698,Urban,597539.0,145799.516,7768.0070000000005,328048.911
606,Tamil Nadu,Namakkal,Rural,370357.0,94070.678,6666.426,115551.384,Urban,257127.0,62481.861000000004,3085.524,140391.342
607,Tamil Nadu,Erode,Rural,411285.99999999994,117627.796,8225.72,138603.382,Urban,432397.99999999994,102910.72399999999,4756.378,275869.92399999994
608,Tamil Nadu,The Nilgiris,Rural,112126.0,38795.596,2354.646,47429.297999999995,Urban,151979.0,55320.356,2887.6009999999997,89515.631
609,Tamil Nadu,Dindigul,Rural,443818.0,139802.67,7988.724000000001,83881.602,Urban,269724.0,69858.51599999999,3776.1359999999995,154821.57599999997
610,Tamil Nadu,Karur,Rural,212241.0,61549.89,4669.302,48815.42999999999,Urban,152420.0,30636.420000000002,1371.78,102273.81999999999
611,Tamil Nadu,Tiruchirappalli,Rural,452707.0,134906.686,10864.967999999999,108649.68,Urban,423020.0,90526.27999999998,5076.24,313880.84
612,Tamil Nadu,Perambalur,Rural,155413.0,46934.726,3419.0860000000007,24244.428,Urban,33179.0,5607.251,298.61100000000005,18314.808
613,Tamil Nadu,Ariyalur,Rural,223955.00000000003,84878.945,7614.47,31801.61,Urban,30322.000000000004,8399.194000000001,606.44,15555.186
614,Tamil Nadu,Cuddalore,Rural,497429.0,193499.881,11938.296,98988.371,Urban,260780.00000000003,68845.92,3911.7000000000003,178895.08
615,Tamil Nadu,Nagapattinam,Rural,399016.0,178360.152,12768.512,124492.992,Urban,118724.0,36804.44,2849.3759999999997,82750.628
616,Tamil Nadu,Thiruvarur,Rural,321331.0,143956.288,13174.570999999998,101219.265,Urban,86848.0,24230.592,1476.416,63225.344
617,Tamil Nadu,Thanjavur,Rural,479070.0,206479.17,21558.149999999998,137972.16,Urban,274302.0,78724.674,5486.04,205177.89599999998
618,Tamil Nadu,Pudukkottai,Rural,399712.0,157886.24,16787.904,70749.02399999999,Urban,104229.0,26161.479,1667.664,72230.697
619,Tamil Nadu,Sivaganga,Rural,309224.0,98024.00799999999,9276.72,73904.536,Urban,143193.0,31502.460000000003,2004.702,112406.505
620,Tamil Nadu,Madurai,Rural,417718.0,134087.478,8772.078000000001,86467.626,Urban,592723.0,102541.079,4741.784,502629.10399999993
621,Tamil Nadu,Theni,Rural,189328.0,66643.456,3975.888,46953.344,Urban,221294.99999999997,66167.20499999999,2876.835,115073.4
622,Tamil Nadu,Virudhunagar,Rural,363782.0,98221.14,6184.294,53112.172,Urban,370942.0,71591.806,3338.478,173971.798
623,Tamil Nadu,Ramanathapuram,Rural,290478.0,99924.432,8714.34,65357.55,Urban,126760.99999999999,31817.011,2028.176,89493.26599999999
624,Tamil Nadu,Thoothukkudi,Rural,336078.0,112586.13,6721.56,94773.996,Urban,300661.0,69753.352,3908.5930000000003,219783.191
625,Tamil Nadu,Tirunelveli,Rural,547962.0,166032.486,8767.392,181923.38400000002,Urban,516705.0,129692.95500000002,5683.755000000001,325007.445
626,Tamil Nadu,Kanniyakumari,Rural,104253.0,37114.068,2814.831,86634.24299999999,Urban,493788.0,162950.04,14813.64,436508.59200000006
627,Tamil Nadu,Dharmapuri,Rural,396819.0,131347.089,9920.475,42459.632999999994,Urban,91107.0,20954.61,1457.7120000000002,53753.130000000005
628,Tamil Nadu,Krishnagiri,Rural,437988.0,143222.07600000003,9635.736,84093.696,Urban,142552.0,26087.016,855.312,111618.216
629,Tamil Nadu,Coimbatore,Rural,284795.0,78033.82999999999,4556.72,94836.73499999999,Urban,884957.0,213274.63700000002,7079.656,689381.503
630,Tamil Nadu,Tiruppur,Rural,356886.0,98500.53600000001,6067.062,110277.774,Urban,538022.0,126973.19200000001,3766.154,403516.5
631,Puducherry,Yanam,,,,,,Urban,15519.0,2389.926,108.633,12710.061000000002
632,Puducherry,Puducherry,Rural,87296.0,27847.424,2269.6960000000004,31251.967999999997,Urban,203741.0,38710.79,2444.892,168086.325
633,Puducherry,Mahe,,,,,,Urban,12110.0,1913.38,133.21,11843.58
634,Puducherry,Karaikal,Rural,35618.0,13107.423999999999,747.9780000000001,16954.168,Urban,33715.0,7080.15,404.58,25083.96
635,Andaman & Nicobar Islands,North  & Middle Andaman,Rural,39091.0,17317.313,1055.457,18763.68,Urban,1094.0,611.5459999999999,72.204,613.734
636,Andaman & Nicobar Islands,South Andaman,Rural,34901.0,11691.835,1221.5349999999999,22580.947,Urban,50631.0,10835.034,607.572,44454.018
637,Himachal Pradesh,Lahul & Spiti,Rural,17434.0,5875.258000000001,139.472,13615.954,,,,,
638,Himachal Pradesh,Kinnaur,Rural,44514.0,13042.602,445.14,30803.688000000002,,,,,
639,Andaman & Nicobar Islands,Nicobars,Rural,15958.000000000002,3798.0040000000004,191.496,12910.022000000003,,,,,
